2008_007091.jpg,"[' sofa', ' person', nan, nan, nan, 31.051868344899997, 'high', ' sofa', nan, 'No Target', 'Normal', 'No tone', -999, 'No spacebar', 'No timing', 'Na', 'Na', 'Na', 1, 13]"
2008_004412.jpg,"[' chair', nan, nan, nan, nan, 20.4132537158, 'low', ' chair', nan, 'No Target', 'Normal', 'No tone', -999, 'No spacebar', 'No timing', 'Na', 'Na', 'Na', 18, 14]"
2008_007274.jpg,"[' dog', nan, nan, nan, nan, 16.693372571699999, 'low', ' dog', nan, 'No Target', 'Normal', 'No tone', -999, 'No spacebar', 'No timing', 'Na', 'Na', 'Na', 4, 15]"
2010_003329.jpg,"[' bottle', nan, nan, nan, nan, 20.965775321900001, 'low', ' bottle', nan, 'No Target', 'Critical', 'tone2', 649, 'No spacebar', 'No timing', 'Na', 'Na', 'Na', 41, 15]"
2011_001624.jpg,"[' aeroplane', nan, nan, nan, nan, 20.559862456800001, 'low', ' aeroplane', nan, 'No Target', 'Normal', 'No tone', -999, 'No spacebar', 'No timing', 'Na', 'Na', 'Na', 43, 14]"
2008_003709.jpg,"[' sofa', nan, nan, nan, nan, 15.7792493869, 'low', ' sofa', nan, 'No Target', 'Normal', 'No tone', -999, 'No spacebar', 'No timing', 'Na', 'Na', 'Na', 42, 12]"
2008_001098.jpg,"[' person', nan, nan, nan, nan, 15.903696109, 'low', ' person', nan, 'No Target', 'Normal', 'No tone', -999, 'No spacebar', 'No timing', 'Na', 'Na', 'Na', 35, 15]"
2008_000697.jpg,"[' bird', nan, nan, nan, nan, 32.065095855500005, 'high', ' bird', ' aeroplane', 'Target Absent', 'Normal', 'No tone', -999, 'No spacebar', 'No timing', 'p', 2.197, -999, 49, 11]"
2009_003802.jpg,"[' car', ' bicycle', ' motorbike', nan, nan, 29.678013923000002, 'high', ' car', nan, 'No Target', 'Normal', 'No tone', -999, 'No spacebar', 'No timing', 'Na', 'Na', 'Na', 1, 11]"
2011_001656.jpg,"[' horse', nan, nan, nan, nan, 19.156547420300001, 'low', ' horse', nan, 'No Target', 'Normal', 'No tone', -999, 'space', 0.35925906285410747, 'Na', 'Na', 'Na', 31, 14]"
2008_005673.jpg,"[' cat', nan, nan, nan, nan, 18.686905104699999, 'low', ' cat', nan, 'No Target', 'Normal', 'No tone', -999, 'No spacebar', 'No timing', 'Na', 'Na', 'Na', 17, 9]"
2009_002571.jpg,"[' pottedplant', ' sofa', ' chair', ' diningtable', nan, 28.968465057500001, 'high', ' sofa', ' sofa', 'Target Present', 'Normal', 'No tone', -999, 'No spacebar', 'No timing', 'q', 2.298, -999, 4, 13]"
2008_003449.jpg,"[' boat', nan, nan, nan, nan, 34.708650155000001, 'high', ' boat', nan, 'No Target', 'Normal', 'No tone', -999, 'No spacebar', 'No timing', 'Na', 'Na', 'Na', 23, 11]"
2009_003084.jpg,"[' boat', nan, nan, nan, nan, 20.074715872599999, 'low', ' boat', nan, 'No Target', 'Normal', 'No tone', -999, 'No spacebar', 'No timing', 'Na', 'Na', 'Na', 50, 14]"
2008_003180.jpg,"[' dog', nan, nan, nan, nan, 31.5378571257, 'high', ' dog', nan, 'No Target', 'Normal', 'No tone', -999, 'No spacebar', 'No timing', 'Na', 'Na', 'Na', 52, 10]"
2010_005718.jpg,"[' car', ' aeroplane', nan, nan, nan, 32.224520766600001, 'high', ' aeroplane', nan, 'No Target', 'Normal', 'No tone', -999, 'No spacebar', 'No timing', 'Na', 'Na', 'Na', 41, 16]"
2008_007423.jpg,"[' bird', nan, nan, nan, nan, 33.647398005599996, 'high', ' bird', nan, 'No Target', 'Critical', 'tone2', 968, 'No spacebar', 'No timing', 'Na', 'Na', 'Na', 7, 16]"
2008_006481.jpg,"[' bird', ' boat', nan, nan, nan, 29.314233598000001, 'high', ' bird', nan, 'No Target', 'Normal', 'No tone', -999, 'No spacebar', 'No timing', 'Na', 'Na', 'Na', 50, 13]"
2008_002704.jpg,"[' car', nan, nan, nan, nan, 19.439939384599999, 'low', ' car', nan, 'No Target', 'Normal', 'No tone', -999, 'No spacebar', 'No timing', 'Na', 'Na', 'Na', 1, 14]"
2011_002241.jpg,"[' chair', ' diningtable', nan, nan, nan, 18.117802795100001, 'low', ' chair', nan, 'No Target', 'Critical', 'tone2', 941, 'No spacebar', 'No timing', 'Na', 'Na', 'Na', 14, 14]"
2011_001649.jpg,"[' person', ' chair', nan, nan, nan, 34.707170809499999, 'high', ' chair', nan, 'No Target', 'Normal', 'No tone', -999, 'No spacebar', 'No timing', 'Na', 'Na', 'Na', 12, 10]"
2011_002814.jpg,"[' sofa', ' bottle', ' pottedplant', ' tvmonitor', ' chair', 33.937775623900002, 'high', ' pottedplant', nan, 'No Target', 'Normal', 'No tone', -999, 'No spacebar', 'No timing', 'Na', 'Na', 'Na', 59, 16]"
2008_004614.jpg,"[' car', ' bus', ' person', nan, nan, 31.3051357692, 'high', ' car', nan, 'No Target', 'Normal', 'No tone', -999, 'No spacebar', 'No timing', 'Na', 'Na', 'Na', 41, 10]"
2008_000839.jpg,"[' cat', nan, nan, nan, nan, 16.456101242199999, 'low', ' cat', nan, 'No Target', 'Normal', 'No tone', -999, 'No spacebar', 'No timing', 'Na', 'Na', 'Na', 31, 9]"
2008_004188.jpg,"[' person', ' dog', nan, nan, nan, 37.006387262200001, 'high', ' dog', nan, 'No Target', 'Normal', 'No tone', -999, 'No spacebar', 'No timing', 'Na', 'Na', 'Na', 0, 16]"
2008_007043.jpg,"[' sofa', ' person', nan, nan, nan, 33.279582355800002, 'high', ' sofa', ' sofa', 'Target Present', 'Normal', 'No tone', -999, 'No spacebar', 'No timing', 'q', 2.008, -999, 37, 16]"
2008_001185.jpg,"[' bird', nan, nan, nan, nan, 18.5230242662, 'low', ' bird', nan, 'No Target', 'Normal', 'No tone', -999, 'No spacebar', 'No timing', 'Na', 'Na', 'Na', 12, 15]"
2011_000824.jpg,"[' cat', nan, nan, nan, nan, 31.779858819499999, 'high', ' cat', nan, 'No Target', 'Normal', 'No tone', -999, 'No spacebar', 'No timing', 'Na', 'Na', 'Na', 22, 16]"
2008_005123.jpg,"[' dog', nan, nan, nan, nan, 19.5706622561, 'low', ' dog', nan, 'No Target', 'Normal', 'No tone', -999, 'No spacebar', 'No timing', 'Na', 'Na', 'Na', 56, 12]"
2008_003461.jpg,"[' person', ' horse', nan, nan, nan, 30.927210339999998, 'high', ' horse', nan, 'No Target', 'Normal', 'No tone', -999, 'No spacebar', 'No timing', 'Na', 'Na', 'Na', 18, 16]"
2008_003755.jpg,"[' car', ' dog', ' person', nan, nan, 29.763552134600001, 'high', ' person', nan, 'No Target', 'Normal', 'No tone', -999, 'No spacebar', 'No timing', 'Na', 'Na', 'Na', 22, 13]"
2009_002749.jpg,"[' bottle', nan, nan, nan, nan, 20.963643076300002, 'low', ' bottle', nan, 'No Target', 'Normal', 'No tone', -999, 'No spacebar', 'No timing', 'Na', 'Na', 'Na', 58, 12]"
2009_003530.jpg,"[' person', ' horse', nan, nan, nan, 20.529451477199999, 'low', ' person', nan, 'No Target', 'Normal', 'No tone', -999, 'No spacebar', 'No timing', 'Na', 'Na', 'Na', 37, 14]"
2008_005600.jpg,"[' person', ' cat', nan, nan, nan, 30.2265163794, 'high', ' cat', nan, 'No Target', 'Normal', 'No tone', -999, 'No spacebar', 'No timing', 'Na', 'Na', 'Na', 51, 10]"
2009_000488.jpg,"[' pottedplant', ' tvmonitor', ' cat', nan, nan, 31.670447198400002, 'high', ' cat', nan, 'No Target', 'Normal', 'No tone', -999, 'No spacebar', 'No timing', 'Na', 'Na', 'Na', 47, 13]"
2011_000293.jpg,"[' car', nan, nan, nan, nan, 9.1563902861600006, 'low', ' car', ' pottedplant', 'Target Absent', 'Normal', 'No tone', -999, 'No spacebar', 'No timing', 'p', 2.114, -999, 14, 15]"
2008_002773.jpg,"[' aeroplane', ' boat', nan, nan, nan, 29.2873494446, 'high', ' aeroplane', ' car', 'Target Absent', 'Critical', 'tone2', 560, 'No spacebar', 'No timing', 'p', 2.669, -999, 13, 10]"
2011_001335.jpg,"[' person', ' horse', nan, nan, nan, 33.334972468700002, 'high', ' horse', nan, 'No Target', 'Normal', 'No tone', -999, 'No spacebar', 'No timing', 'Na', 'Na', 'Na', 18, 11]"
2009_003209.jpg,"[' dog', nan, nan, nan, nan, 18.981598230300001, 'low', ' dog', nan, 'No Target', 'Normal', 'No tone', -999, 'No spacebar', 'No timing', 'Na', 'Na', 'Na', 53, 9]"
2008_003805.jpg,"[' person', ' horse', nan, nan, nan, 29.8753620717, 'high', ' horse', nan, 'No Target', 'Normal', 'No tone', -999, 'No spacebar', 'No timing', 'Na', 'Na', 'Na', 48, 10]"
2008_005347.jpg,"[' chair', ' bottle', nan, nan, nan, 30.424873887299999, 'high', ' chair', nan, 'No Target', 'Normal', 'No tone', -999, 'space', 0.32429741718806326, 'Na', 'Na', 'Na', 12, 16]"
2010_001118.jpg,"[' bus', ' car', nan, nan, nan, 39.116317372200001, 'high', ' car', nan, 'No Target', 'Normal', 'No tone', -999, 'No spacebar', 'No timing', 'Na', 'Na', 'Na', 48, 11]"
2008_000488.jpg,"[' pottedplant', ' car', nan, nan, nan, 30.612693177600001, 'high', ' car', nan, 'No Target', 'Normal', 'No tone', -999, 'No spacebar', 'No timing', 'Na', 'Na', 'Na', 54, 11]"
2008_000734.jpg,"[' person', ' sofa', nan, nan, nan, 20.185339334400002, 'low', ' sofa', nan, 'No Target', 'Normal', 'No tone', -999, 'No spacebar', 'No timing', 'Na', 'Na', 'Na', 55, 9]"
2010_001939.jpg,"[' tvmonitor', ' diningtable', ' cat', nan, nan, 29.842922502699999, 'high', ' cat', nan, 'No Target', 'Normal', 'No tone', -999, 'No spacebar', 'No timing', 'Na', 'Na', 'Na', 22, 10]"
2011_001221.jpg,"[' pottedplant', ' person', ' chair', ' diningtable', ' boat', 35.3836335373, 'high', ' pottedplant', nan, 'No Target', 'Critical', 'tone1', 865, 'No spacebar', 'No timing', 'Na', 'Na', 'Na', 37, 11]"
2008_004670.jpg,"[' sofa', ' chair', nan, nan, nan, 32.351474209999999, 'high', ' chair', ' chair', 'Target Present', 'Normal', 'No tone', -999, 'No spacebar', 'No timing', 'q', 2.131, -999, 31, 10]"
2009_003373.jpg,"[' sofa', ' tvmonitor', nan, nan, nan, 15.574047189200002, 'low', ' sofa', nan, 'No Target', 'Normal', 'No tone', -999, 'No spacebar', 'No timing', 'Na', 'Na', 'Na', 12, 12]"
2008_006703.jpg,"[' aeroplane', nan, nan, nan, nan, 20.885436604100001, 'low', ' aeroplane', ' aeroplane', 'Target Present', 'Normal', 'No tone', -999, 'No spacebar', 'No timing', 'q', 1.984, -999, 47, 12]"
2011_000548.jpg,"[' bird', ' cow', nan, nan, nan, 30.961221004099997, 'high', ' bird', nan, 'No Target', 'Normal', 'No tone', -999, 'No spacebar', 'No timing', 'Na', 'Na', 'Na', 25, 10]"
2011_002558.jpg,"[' person', ' boat', nan, nan, nan, 16.146154778, 'low', ' boat', nan, 'No Target', 'Normal', 'No tone', -999, 'No spacebar', 'No timing', 'Na', 'Na', 'Na', 35, 14]"
2010_003579.jpg,"[' chair', ' cat', nan, nan, nan, 29.798629151999997, 'high', ' cat', nan, 'No Target', 'Normal', 'No tone', -999, 'No spacebar', 'No timing', 'Na', 'Na', 'Na', 58, 16]"
2011_001880.jpg,"[' aeroplane', nan, nan, nan, nan, 32.202764020700002, 'high', ' aeroplane', nan, 'No Target', 'Normal', 'No tone', -999, 'No spacebar', 'No timing', 'Na', 'Na', 'Na', 15, 11]"
2010_001993.jpg,"[' car', ' person', nan, nan, nan, 21.0529768239, 'low', ' car', nan, 'No Target', 'Normal', 'No tone', -999, 'No spacebar', 'No timing', 'Na', 'Na', 'Na', 10, 9]"
2008_007842.jpg,"[' cat', nan, nan, nan, nan, 20.606085537799999, 'low', ' cat', nan, 'No Target', 'Normal', 'No tone', -999, 'No spacebar', 'No timing', 'Na', 'Na', 'Na', 4, 9]"
2009_004414.jpg,"[' aeroplane', nan, nan, nan, nan, 35.972960084, 'high', ' aeroplane', nan, 'No Target', 'Normal', 'No tone', -999, 'No spacebar', 'No timing', 'Na', 'Na', 'Na', 55, 10]"
2008_000634.jpg,"[' person', nan, nan, nan, nan, 21.235359811600002, 'low', ' person', nan, 'No Target', 'Critical', 'tone2', 614, 'No spacebar', 'No timing', 'Na', 'Na', 'Na', 41, 14]"
2009_001021.jpg,"[' pottedplant', ' sofa', ' chair', nan, nan, 31.427287996, 'high', ' sofa', nan, 'No Target', 'Normal', 'No tone', -999, 'No spacebar', 'No timing', 'Na', 'Na', 'Na', 19, 16]"
2009_003309.jpg,"[' aeroplane', nan, nan, nan, nan, 19.095995737700001, 'low', ' aeroplane', nan, 'No Target', 'Normal', 'No tone', -999, 'No spacebar', 'No timing', 'Na', 'Na', 'Na', 7, 15]"
2010_004223.jpg,"[' person', ' chair', nan, nan, nan, 16.606806579200001, 'low', ' person', nan, 'No Target', 'Normal', 'No tone', -999, 'No spacebar', 'No timing', 'Na', 'Na', 'Na', 2, 9]"
2009_004888.jpg,"[' person', ' boat', nan, nan, nan, 16.651242460500001, 'low', ' boat', nan, 'No Target', 'Normal', 'No tone', -999, 'No spacebar', 'No timing', 'Na', 'Na', 'Na', 8, 9]"
2010_003911.jpg,"[' boat', nan, nan, nan, nan, 20.084302536999999, 'low', ' boat', nan, 'No Target', 'Normal', 'No tone', -999, 'No spacebar', 'No timing', 'Na', 'Na', 'Na', 18, 9]"
2010_005785.jpg,"[' car', nan, nan, nan, nan, 16.1970358254, 'low', ' car', ' boat', 'Target Absent', 'Critical', 'tone2', 542, 'space', 1.3275438353302889, 'p', 2.565, -999, 29, 9]"
2011_002303.jpg,"[' car', ' person', nan, nan, nan, 20.695714607399999, 'low', ' car', nan, 'No Target', 'Normal', 'No tone', -999, 'No spacebar', 'No timing', 'Na', 'Na', 'Na', 33, 9]"
2010_003861.jpg,"[' pottedplant', ' person', ' chair', ' sofa', ' cat', 29.727129597299999, 'high', ' cat', nan, 'No Target', 'Normal', 'No tone', -999, 'No spacebar', 'No timing', 'Na', 'Na', 'Na', 14, 13]"
2008_008359.jpg,"[' aeroplane', nan, nan, nan, nan, 14.1064450151, 'low', ' aeroplane', nan, 'No Target', 'Normal', 'No tone', -999, 'No spacebar', 'No timing', 'Na', 'Na', 'Na', 4, 12]"
2009_005308.jpg,"[' bottle', nan, nan, nan, nan, 21.116301747200001, 'low', ' bottle', nan, 'No Target', 'Normal', 'No tone', -999, 'No spacebar', 'No timing', 'Na', 'Na', 'Na', 53, 14]"
2009_000120.jpg,"[' boat', nan, nan, nan, nan, 30.806089134400001, 'high', ' boat', nan, 'No Target', 'Normal', 'No tone', -999, 'No spacebar', 'No timing', 'Na', 'Na', 'Na', 2, 10]"
2011_003066.jpg,"[' person', ' chair', ' diningtable', ' bottle', nan, 33.734529116799997, 'high', ' chair', ' horse', 'Target Absent', 'Normal', 'No tone', -999, 'No spacebar', 'No timing', 'p', 2.067, -999, 26, 16]"
2008_001836.jpg,"[' cat', nan, nan, nan, nan, 20.463883689500001, 'low', ' cat', nan, 'No Target', 'Normal', 'No tone', -999, 'No spacebar', 'No timing', 'Na', 'Na', 'Na', 7, 12]"
2010_000090.jpg,"[' chair', ' dog', nan, nan, nan, 13.8367101522, 'low', ' chair', nan, 'No Target', 'Normal', 'No tone', -999, 'space', 0.009138551686191931, 'Na', 'Na', 'Na', 43, 9]"
2008_000885.jpg,"[' person', ' diningtable', ' bottle', nan, nan, 33.4619040834, 'high', ' person', nan, 'No Target', 'Normal', 'No tone', -999, 'No spacebar', 'No timing', 'Na', 'Na', 'Na', 10, 10]"
2008_001862.jpg,"[' pottedplant', ' person', ' chair', ' dog', ' bottle', 31.058049570100003, 'high', ' dog', nan, 'No Target', 'Normal', 'No tone', -999, 'No spacebar', 'No timing', 'Na', 'Na', 'Na', 57, 13]"
2010_002393.jpg,"[' boat', nan, nan, nan, nan, 20.131411086500002, 'low', ' boat', nan, 'No Target', 'Normal', 'No tone', -999, 'No spacebar', 'No timing', 'Na', 'Na', 'Na', 3, 15]"
2009_001774.jpg,"[' sofa', ' dog', nan, nan, nan, 16.142562620899998, 'low', ' dog', nan, 'No Target', 'Normal', 'No tone', -999, 'No spacebar', 'No timing', 'Na', 'Na', 'Na', 39, 15]"
2008_000251.jpg,"[' car', ' aeroplane', nan, nan, nan, 35.872179407899999, 'high', ' aeroplane', nan, 'No Target', 'Normal', 'No tone', -999, 'No spacebar', 'No timing', 'Na', 'Na', 'Na', 16, 13]"
2008_003635.jpg,"[' person', ' diningtable', ' bottle', nan, nan, 36.156012963599998, 'high', ' bottle', nan, 'No Target', 'Normal', 'No tone', -999, 'No spacebar', 'No timing', 'Na', 'Na', 'Na', 15, 13]"
2009_004076.jpg,"[' sofa', ' dog', nan, nan, nan, 15.5533931509, 'low', ' sofa', nan, 'No Target', 'Normal', 'No tone', -999, 'No spacebar', 'No timing', 'Na', 'Na', 'Na', 1, 9]"
2008_005978.jpg,"[' person', ' bicycle', nan, nan, nan, 18.237768236500003, 'low', ' person', nan, 'No Target', 'Normal', 'No tone', -999, 'No spacebar', 'No timing', 'Na', 'Na', 'Na', 29, 12]"
2008_002904.jpg,"[' dog', nan, nan, nan, nan, 17.190044648200001, 'low', ' dog', nan, 'No Target', 'Normal', 'No tone', -999, 'No spacebar', 'No timing', 'Na', 'Na', 'Na', 37, 9]"
2009_005075.jpg,"[' aeroplane', nan, nan, nan, nan, 20.2722047516, 'low', ' aeroplane', nan, 'No Target', 'Critical', 'tone1', 389, 'No spacebar', 'No timing', 'Na', 'Na', 'Na', 6, 15]"
2008_004893.jpg,"[' bird', nan, nan, nan, nan, 8.0628364927800007, 'low', ' bird', nan, 'No Target', 'Normal', 'No tone', -999, 'No spacebar', 'No timing', 'Na', 'Na', 'Na', 5, 9]"
2008_000381.jpg,"[' person', ' chair', nan, nan, nan, 29.779906614400002, 'high', ' chair', nan, 'No Target', 'Normal', 'No tone', -999, 'No spacebar', 'No timing', 'Na', 'Na', 'Na', 34, 13]"
2008_008607.jpg,"[' aeroplane', nan, nan, nan, nan, 32.020689907399998, 'high', ' aeroplane', nan, 'No Target', 'Normal', 'No tone', -999, 'No spacebar', 'No timing', 'Na', 'Na', 'Na', 24, 13]"
2008_008263.jpg,"[' aeroplane', nan, nan, nan, nan, 17.350665469399999, 'low', ' aeroplane', nan, 'No Target', 'Normal', 'No tone', -999, 'No spacebar', 'No timing', 'Na', 'Na', 'Na', 34, 14]"
2008_006998.jpg,"[' person', nan, nan, nan, nan, 18.716529005199998, 'low', ' person', nan, 'No Target', 'Normal', 'No tone', -999, 'No spacebar', 'No timing', 'Na', 'Na', 'Na', 9, 9]"
2008_004633.jpg,"[' bird', nan, nan, nan, nan, 30.068803282800001, 'high', ' bird', nan, 'No Target', 'Normal', 'No tone', -999, 'No spacebar', 'No timing', 'Na', 'Na', 'Na', 32, 10]"
2008_006844.jpg,"[' person', ' dog', ' car', nan, nan, 33.0948850029, 'high', ' dog', nan, 'No Target', 'Normal', 'No tone', -999, 'No spacebar', 'No timing', 'Na', 'Na', 'Na', 17, 11]"
2008_005526.jpg,"[' person', ' boat', nan, nan, nan, 31.261037639200001, 'high', ' boat', ' boat', 'Target Present', 'Normal', 'No tone', -999, 'No spacebar', 'No timing', 'q', 1.976, -999, 49, 16]"
2009_003705.jpg,"[' person', ' aeroplane', nan, nan, nan, 29.547306113600001, 'high', ' aeroplane', nan, 'No Target', 'Normal', 'No tone', -999, 'No spacebar', 'No timing', 'Na', 'Na', 'Na', 20, 16]"
2008_004487.jpg,"[' chair', ' bottle', nan, nan, nan, 35.925064893399998, 'high', ' chair', nan, 'No Target', 'Normal', 'No tone', -999, 'No spacebar', 'No timing', 'Na', 'Na', 'Na', 3, 13]"
2011_001591.jpg,"[' person', ' boat', nan, nan, nan, 17.698167132000002, 'low', ' boat', nan, 'No Target', 'Normal', 'No tone', -999, 'No spacebar', 'No timing', 'Na', 'Na', 'Na', 17, 15]"
2010_002645.jpg,"[' cat', nan, nan, nan, nan, 20.850125265300001, 'low', ' cat', nan, 'No Target', 'Normal', 'No tone', -999, 'No spacebar', 'No timing', 'Na', 'Na', 'Na', 44, 14]"
2010_003729.jpg,"[' pottedplant', ' car', ' chair', ' bicycle', ' person', 30.133244112800003, 'high', ' pottedplant', ' pottedplant', 'Target Present', 'Normal', 'No tone', -999, 'No spacebar', 'No timing', 'p', 2.426, -999, 9, 13]"
2010_004014.jpg,"[' car', nan, nan, nan, nan, 18.597981681700002, 'low', ' car', ' car', 'Target Present', 'Normal', 'No tone', -999, 'No spacebar', 'No timing', 'q', 2.015, -999, 0, 14]"
2008_005903.jpg,"[' bird', nan, nan, nan, nan, 18.015668887499999, 'low', ' bird', nan, 'No Target', 'Normal', 'No tone', -999, 'No spacebar', 'No timing', 'Na', 'Na', 'Na', 13, 14]"
2010_004753.jpg,"[' chair', ' cat', nan, nan, nan, 16.654865888, 'low', ' chair', ' chair', 'Target Present', 'Normal', 'No tone', -999, 'No spacebar', 'No timing', 'q', 2.351, -999, 18, 12]"
2010_002472.jpg,"[' cat', nan, nan, nan, nan, 32.6606639512, 'high', ' cat', nan, 'No Target', 'Normal', 'No tone', -999, 'space', 0.1564051114837639, 'Na', 'Na', 'Na', 9, 10]"
2008_007378.jpg,"[' chair', ' dog', ' diningtable', nan, nan, 29.611440342800002, 'high', ' dog', nan, 'No Target', 'Normal', 'No tone', -999, 'No spacebar', 'No timing', 'Na', 'Na', 'Na', 39, 11]"
2010_000229.jpg,"[' aeroplane', nan, nan, nan, nan, 14.3418947369, 'low', ' aeroplane', nan, 'No Target', 'Normal', 'No tone', -999, 'No spacebar', 'No timing', 'Na', 'Na', 'Na', 17, 14]"
2008_000760.jpg,"[' chair', nan, nan, nan, nan, 19.646066025100001, 'low', ' chair', nan, 'No Target', 'Normal', 'No tone', -999, 'No spacebar', 'No timing', 'Na', 'Na', 'Na', 27, 15]"
2010_004683.jpg,"[' pottedplant', ' dog', nan, nan, nan, 28.663633475200001, 'high', ' pottedplant', nan, 'No Target', 'Critical', 'tone2', 238, 'No spacebar', 'No timing', 'Na', 'Na', 'Na', 34, 11]"
2008_008506.jpg,"[' bird', nan, nan, nan, nan, 18.837863956300001, 'low', ' bird', nan, 'No Target', 'Normal', 'No tone', -999, 'No spacebar', 'No timing', 'Na', 'Na', 'Na', 58, 15]"
2009_002414.jpg,"[' bird', nan, nan, nan, nan, 29.7427866823, 'high', ' bird', nan, 'No Target', 'Normal', 'No tone', -999, 'space', 0.3928510947152972, 'Na', 'Na', 'Na', 8, 16]"
2009_000087.jpg,"[' sofa', nan, nan, nan, nan, 19.8923896955, 'low', ' sofa', ' sofa', 'Target Present', 'Normal', 'No tone', -999, 'No spacebar', 'No timing', 'q', 2.166, -999, 11, 9]"
2008_003378.jpg,"[' car', ' chair', ' bicycle', nan, nan, 29.730810134799999, 'high', ' car', nan, 'No Target', 'Normal', 'No tone', -999, 'No spacebar', 'No timing', 'Na', 'Na', 'Na', 9, 11]"
2011_001991.jpg,"[' boat', nan, nan, nan, nan, 34.047146905300004, 'high', ' boat', nan, 'No Target', 'Normal', 'No tone', -999, 'No spacebar', 'No timing', 'Na', 'Na', 'Na', 25, 13]"
2008_000093.jpg,"[' tvmonitor', ' chair', ' sofa', nan, nan, 29.822033003800001, 'high', ' sofa', nan, 'No Target', 'Normal', 'No tone', -999, 'No spacebar', 'No timing', 'Na', 'Na', 'Na', 10, 11]"
2010_003101.jpg,"[' pottedplant', nan, nan, nan, nan, 19.252734908000001, 'low', ' pottedplant', nan, 'No Target', 'Normal', 'No tone', -999, 'No spacebar', 'No timing', 'Na', 'Na', 'Na', 58, 9]"
2008_006784.jpg,"[' sofa', nan, nan, nan, nan, 17.055909373399999, 'low', ' sofa', nan, 'No Target', 'Normal', 'No tone', -999, 'No spacebar', 'No timing', 'Na', 'Na', 'Na', 57, 15]"
2008_004646.jpg,"[' person', ' aeroplane', nan, nan, nan, 32.014973550299999, 'high', ' aeroplane', nan, 'No Target', 'Normal', 'No tone', -999, 'No spacebar', 'No timing', 'Na', 'Na', 'Na', 2, 11]"
2008_000984.jpg,"[' person', nan, nan, nan, nan, 30.748885654899997, 'high', ' person', nan, 'No Target', 'Normal', 'No tone', -999, 'No spacebar', 'No timing', 'Na', 'Na', 'Na', 47, 16]"
2008_008395.jpg,"[' person', ' horse', nan, nan, nan, 19.912301015299999, 'low', ' horse', nan, 'No Target', 'Critical', 'tone2', 147, 'space', 0.8559975344396662, 'Na', 'Na', 'Na', 36, 12]"
2009_001137.jpg,"[' pottedplant', ' person', nan, nan, nan, 13.786733463599999, 'low', ' pottedplant', nan, 'No Target', 'Normal', 'No tone', -999, 'No spacebar', 'No timing', 'Na', 'Na', 'Na', 32, 9]"
2008_000972.jpg,"[' person', ' sofa', nan, nan, nan, 20.7078777754, 'low', ' sofa', nan, 'No Target', 'Normal', 'No tone', -999, 'No spacebar', 'No timing', 'Na', 'Na', 'Na', 11, 14]"
2010_005106.jpg,"[' person', ' aeroplane', nan, nan, nan, 30.242937209299999, 'high', ' aeroplane', nan, 'No Target', 'Normal', 'No tone', -999, 'No spacebar', 'No timing', 'Na', 'Na', 'Na', 45, 16]"
2011_001834.jpg,"[' chair', nan, nan, nan, nan, 13.7274387367, 'low', ' chair', nan, 'No Target', 'Normal', 'No tone', -999, 'No spacebar', 'No timing', 'Na', 'Na', 'Na', 46, 15]"
2010_001731.jpg,"[' chair', nan, nan, nan, nan, 9.9553684007100003, 'low', ' chair', nan, 'No Target', 'Normal', 'No tone', -999, 'No spacebar', 'No timing', 'Na', 'Na', 'Na', 15, 14]"
2010_006033.jpg,"[' car', nan, nan, nan, nan, 32.977395883299998, 'high', ' car', nan, 'No Target', 'Normal', 'No tone', -999, 'No spacebar', 'No timing', 'Na', 'Na', 'Na', 20, 11]"
2010_000815.jpg,"[' cat', nan, nan, nan, nan, 30.306707617199997, 'high', ' cat', nan, 'No Target', 'Normal', 'No tone', -999, 'No spacebar', 'No timing', 'Na', 'Na', 'Na', 48, 16]"
2011_001613.jpg,"[' person', ' boat', nan, nan, nan, 17.516941478699998, 'low', ' boat', nan, 'No Target', 'Critical', 'tone2', 847, 'No spacebar', 'No timing', 'Na', 'Na', 'Na', 13, 9]"
2008_006452.jpg,"[' dog', nan, nan, nan, nan, 16.137458117200001, 'low', ' dog', nan, 'No Target', 'Normal', 'No tone', -999, 'space', 0.20488584935083054, 'Na', 'Na', 'Na', 42, 15]"
2008_007057.jpg,"[' dog', nan, nan, nan, nan, 40.773121275100003, 'high', ' dog', nan, 'No Target', 'Normal', 'No tone', -999, 'No spacebar', 'No timing', 'Na', 'Na', 'Na', 29, 13]"
2011_000530.jpg,"[' pottedplant', ' sofa', ' chair', ' diningtable', nan, 29.806819625700001, 'high', ' sofa', nan, 'No Target', 'Critical', 'tone1', 189, 'No spacebar', 'No timing', 'Na', 'Na', 'Na', 46, 11]"
2009_002594.jpg,"[' bottle', nan, nan, nan, nan, 19.096237359500002, 'low', ' bottle', nan, 'No Target', 'Normal', 'No tone', -999, 'No spacebar', 'No timing', 'Na', 'Na', 'Na', 18, 15]"
2008_005818.jpg,"[' horse', nan, nan, nan, nan, 29.084159041900001, 'high', ' horse', nan, 'No Target', 'Normal', 'No tone', -999, 'No spacebar', 'No timing', 'Na', 'Na', 'Na', 54, 16]"
2010_000132.jpg,"[' pottedplant', nan, nan, nan, nan, 19.906276626, 'low', ' pottedplant', nan, 'No Target', 'Normal', 'No tone', -999, 'No spacebar', 'No timing', 'Na', 'Na', 'Na', 23, 14]"
2008_000495.jpg,"[' tvmonitor', ' chair', ' bottle', nan, nan, 32.179769174999997, 'high', ' bottle', nan, 'No Target', 'Normal', 'No tone', -999, 'No spacebar', 'No timing', 'Na', 'Na', 'Na', 42, 16]"
2010_002702.jpg,"[' person', ' boat', ' car', nan, nan, 35.704708934899998, 'high', ' boat', nan, 'No Target', 'Normal', 'No tone', -999, 'No spacebar', 'No timing', 'Na', 'Na', 'Na', 56, 13]"
2011_001440.jpg,"[' pottedplant', ' sofa', nan, nan, nan, 31.624523840799998, 'high', ' pottedplant', nan, 'No Target', 'Normal', 'No tone', -999, 'No spacebar', 'No timing', 'Na', 'Na', 'Na', 48, 13]"
2010_003400.jpg,"[' car', nan, nan, nan, nan, 11.740304537, 'low', ' car', nan, 'No Target', 'Normal', 'No tone', -999, 'No spacebar', 'No timing', 'Na', 'Na', 'Na', 7, 9]"
2008_005720.jpg,"[' bus', ' boat', ' car', nan, nan, 34.403914620100004, 'high', ' boat', nan, 'No Target', 'Normal', 'No tone', -999, 'No spacebar', 'No timing', 'Na', 'Na', 'Na', 21, 10]"
2008_008229.jpg,"[' person', ' horse', nan, nan, nan, 33.702921971900004, 'high', ' horse', nan, 'No Target', 'Critical', 'tone1', 385, 'space', 1.342081870068796, 'Na', 'Na', 'Na', 34, 16]"
2008_001576.jpg,"[' tvmonitor', ' chair', ' person', nan, nan, 31.7947294031, 'high', ' person', nan, 'No Target', 'Normal', 'No tone', -999, 'No spacebar', 'No timing', 'Na', 'Na', 'Na', 28, 11]"
2010_001682.jpg,"[' person', ' chair', ' diningtable', ' bottle', nan, 33.4787504727, 'high', ' bottle', nan, 'No Target', 'Normal', 'No tone', -999, 'No spacebar', 'No timing', 'Na', 'Na', 'Na', 59, 10]"
2008_002887.jpg,"[' person', ' boat', nan, nan, nan, 34.287988652999999, 'high', ' boat', ' boat', 'Target Present', 'Normal', 'No tone', -999, 'No spacebar', 'No timing', 'q', 1.892, -999, 55, 16]"
2011_001304.jpg,"[' tvmonitor', ' chair', ' sofa', nan, nan, 37.223815804499999, 'high', ' sofa', ' boat', 'Target Absent', 'Critical', 'tone1', 192, 'No spacebar', 'No timing', 'p', 1.979, -999, 11, 10]"
2009_001470.jpg,"[' sofa', ' dog', nan, nan, nan, 19.188834185400001, 'low', ' sofa', ' horse', 'Target Absent', 'Normal', 'No tone', -999, 'No spacebar', 'No timing', 'p', 2.145, -999, 39, 9]"
2008_008083.jpg,"[' person', ' boat', nan, nan, nan, 18.6424504286, 'low', ' person', nan, 'No Target', 'Normal', 'No tone', -999, 'No spacebar', 'No timing', 'Na', 'Na', 'Na', 44, 9]"
2008_000192.jpg,"[' bird', nan, nan, nan, nan, 29.176311484999999, 'high', ' bird', nan, 'No Target', 'Normal', 'No tone', -999, 'No spacebar', 'No timing', 'Na', 'Na', 'Na', 13, 16]"
2010_001645.jpg,"[' person', ' diningtable', ' bottle', nan, nan, 38.972642388899999, 'high', ' bottle', nan, 'No Target', 'Critical', 'tone2', 368, 'No spacebar', 'No timing', 'Na', 'Na', 'Na', 21, 13]"
2009_002306.jpg,"[' boat', nan, nan, nan, nan, 30.065266395500004, 'high', ' boat', nan, 'No Target', 'Normal', 'No tone', -999, 'No spacebar', 'No timing', 'Na', 'Na', 'Na', 38, 11]"
2008_006663.jpg,"[' person', ' bottle', ' diningtable', nan, nan, 29.775484130999999, 'high', ' bottle', nan, 'No Target', 'Normal', 'No tone', -999, 'No spacebar', 'No timing', 'Na', 'Na', 'Na', 27, 10]"
2009_000466.jpg,"[' cat', nan, nan, nan, nan, 30.954010715700001, 'high', ' cat', nan, 'No Target', 'Critical', 'tone1', 619, 'No spacebar', 'No timing', 'Na', 'Na', 'Na', 1, 16]"
2008_002709.jpg,"[' boat', ' cow', nan, nan, nan, 29.659407124299999, 'high', ' boat', nan, 'No Target', 'Normal', 'No tone', -999, 'No spacebar', 'No timing', 'Na', 'Na', 'Na', 55, 11]"
2010_001908.jpg,"[' person', ' dog', nan, nan, nan, 18.2814006101, 'low', ' dog', nan, 'No Target', 'Normal', 'No tone', -999, 'No spacebar', 'No timing', 'Na', 'Na', 'Na', 39, 14]"
2008_002736.jpg,"[' person', ' diningtable', ' bottle', nan, nan, 36.414042237700002, 'high', ' bottle', ' chair', 'Target Absent', 'Normal', 'No tone', -999, 'No spacebar', 'No timing', 'q', 2.329, -999, 14, 16]"
2011_001025.jpg,"[' pottedplant', ' person', ' bicycle', ' car', nan, 33.367152749799999, 'high', ' pottedplant', ' cat', 'Target Absent', 'Normal', 'No tone', -999, 'No spacebar', 'No timing', 'p', 2.22, -999, 13, 13]"
2010_001907.jpg,"[' person', ' chair', ' diningtable', nan, nan, 20.561279009300002, 'low', ' chair', nan, 'No Target', 'Normal', 'No tone', -999, 'No spacebar', 'No timing', 'Na', 'Na', 'Na', 19, 9]"
2008_002195.jpg,"[' person', ' aeroplane', nan, nan, nan, 30.480361756599997, 'high', ' aeroplane', ' aeroplane', 'Target Present', 'Normal', 'No tone', -999, 'No spacebar', 'No timing', 'q', 2.025, -999, 44, 11]"
2008_007108.jpg,"[' pottedplant', ' dog', nan, nan, nan, 29.851834352399997, 'high', ' dog', nan, 'No Target', 'Normal', 'No tone', -999, 'No spacebar', 'No timing', 'Na', 'Na', 'Na', 36, 11]"
2008_004036.jpg,"[' person', ' motorbike', nan, nan, nan, 19.446156687599998, 'low', ' person', nan, 'No Target', 'Normal', 'No tone', -999, 'No spacebar', 'No timing', 'Na', 'Na', 'Na', 40, 14]"
2010_000613.jpg,"[' horse', nan, nan, nan, nan, 20.8855839237, 'low', ' horse', nan, 'No Target', 'Normal', 'No tone', -999, 'No spacebar', 'No timing', 'Na', 'Na', 'Na', 21, 14]"
2010_001271.jpg,"[' chair', ' diningtable', nan, nan, nan, 20.7351456906, 'low', ' chair', nan, 'No Target', 'Normal', 'No tone', -999, 'No spacebar', 'No timing', 'Na', 'Na', 'Na', 46, 14]"
2010_003287.jpg,"[' tvmonitor', ' chair', ' person', nan, nan, 20.155193047200001, 'low', ' chair', nan, 'No Target', 'Normal', 'No tone', -999, 'No spacebar', 'No timing', 'Na', 'Na', 'Na', 44, 15]"
2010_000109.jpg,"[' cat', nan, nan, nan, nan, 21.194101616099999, 'low', ' cat', nan, 'No Target', 'Normal', 'No tone', -999, 'No spacebar', 'No timing', 'Na', 'Na', 'Na', 5, 12]"
2008_003193.jpg,"[' person', nan, nan, nan, nan, 39.794110226100003, 'high', ' person', nan, 'No Target', 'Normal', 'No tone', -999, 'No spacebar', 'No timing', 'Na', 'Na', 'Na', 45, 10]"
2008_001283.jpg,"[' pottedplant', ' person', ' bird', nan, nan, 32.325935045900003, 'high', ' bird', ' bottle', 'Target Absent', 'Normal', 'No tone', -999, 'No spacebar', 'No timing', 'p', 2.098, -999, 29, 11]"
2011_002555.jpg,"[' person', ' horse', nan, nan, nan, 29.265462464999999, 'high', ' horse', ' horse', 'Target Present', 'Normal', 'No tone', -999, 'No spacebar', 'No timing', 'q', 2.226, -999, 4, 10]"
2009_000067.jpg,"[' person', nan, nan, nan, nan, 29.639296311199999, 'high', ' person', ' chair', 'Target Absent', 'Critical', 'tone2', 681, 'No spacebar', 'No timing', 'p', 2.081, ['space', 1.521313118719263], 21, 16]"
2008_006072.jpg,"[' bottle', nan, nan, nan, nan, 18.259900940799998, 'low', ' bottle', nan, 'No Target', 'Normal', 'No tone', -999, 'No spacebar', 'No timing', 'Na', 'Na', 'Na', 14, 12]"
2008_000270.jpg,"[' person', ' dog', ' sofa', nan, nan, 29.9356183869, 'high', ' dog', nan, 'No Target', 'Normal', 'No tone', -999, 'No spacebar', 'No timing', 'Na', 'Na', 'Na', 28, 10]"
2009_000760.jpg,"[' pottedplant', ' chair', ' diningtable', nan, nan, 34.177834247699998, 'high', ' pottedplant', nan, 'No Target', 'Normal', 'No tone', -999, 'No spacebar', 'No timing', 'Na', 'Na', 'Na', 15, 16]"
2010_000074.jpg,"[' person', ' dog', nan, nan, nan, 32.142427134899997, 'high', ' dog', nan, 'No Target', 'Normal', 'No tone', -999, 'No spacebar', 'No timing', 'Na', 'Na', 'Na', 59, 13]"
2008_001673.jpg,"[' person', ' chair', ' bird', nan, nan, 29.630121226999997, 'high', ' bird', nan, 'No Target', 'Normal', 'No tone', -999, 'No spacebar', 'No timing', 'Na', 'Na', 'Na', 23, 10]"
2011_001959.jpg,"[' bird', nan, nan, nan, nan, 9.57686770874, 'low', ' bird', nan, 'No Target', 'Normal', 'No tone', -999, 'No spacebar', 'No timing', 'Na', 'Na', 'Na', 21, 9]"
2008_007970.jpg,"[' person', ' aeroplane', nan, nan, nan, 30.073041629000002, 'high', ' aeroplane', nan, 'No Target', 'Normal', 'No tone', -999, 'No spacebar', 'No timing', 'Na', 'Na', 'Na', 33, 11]"
2008_006461.jpg,"[' bird', nan, nan, nan, nan, 31.18243026, 'high', ' bird', nan, 'No Target', 'Normal', 'No tone', -999, 'No spacebar', 'No timing', 'Na', 'Na', 'Na', 40, 16]"
2009_002817.jpg,"[' pottedplant', nan, nan, nan, nan, 19.540506870000002, 'low', ' pottedplant', nan, 'No Target', 'Normal', 'No tone', -999, 'No spacebar', 'No timing', 'Na', 'Na', 'Na', 27, 9]"
2008_005472.jpg,"[' person', ' car', nan, nan, nan, 28.839741748600002, 'high', ' person', ' pottedplant', 'Target Absent', 'Normal', 'No tone', -999, 'No spacebar', 'No timing', 'p', 2.445, -999, 39, 10]"
2011_000224.jpg,"[' sofa', nan, nan, nan, nan, 17.3166460371, 'low', ' sofa', ' sofa', 'Target Present', 'Normal', 'No tone', -999, 'No spacebar', 'No timing', 'q', 2.064, -999, 1, 12]"
2009_000169.jpg,"[' person', ' horse', ' car', nan, nan, 20.9345998577, 'low', ' horse', nan, 'No Target', 'Critical', 'tone1', 238, 'No spacebar', 'No timing', 'Na', 'Na', 'Na', 3, 12]"
2008_000798.jpg,"[' bird', nan, nan, nan, nan, 29.594597886300001, 'high', ' bird', nan, 'No Target', 'Normal', 'No tone', -999, 'No spacebar', 'No timing', 'Na', 'Na', 'Na', 57, 10]"
2008_006216.jpg,"[' person', ' aeroplane', nan, nan, nan, 31.885877800399999, 'high', ' aeroplane', ' person', 'Target Absent', 'Critical', 'tone1', 144, 'space', 1.2762822453514673, 'q', 1.995, -999, 46, 13]"
2008_003701.jpg,"[' boat', nan, nan, nan, nan, 29.957199221500002, 'high', ' boat', nan, 'No Target', 'Normal', 'No tone', -999, 'No spacebar', 'No timing', 'Na', 'Na', 'Na', 8, 11]"
2009_004737.jpg,"[' chair', nan, nan, nan, nan, 16.985442334600002, 'low', ' chair', nan, 'No Target', 'Normal', 'No tone', -999, 'No spacebar', 'No timing', 'Na', 'Na', 'Na', 55, 15]"
2008_002897.jpg,"[' pottedplant', ' person', nan, nan, nan, 36.595770973500002, 'high', ' pottedplant', nan, 'No Target', 'Normal', 'No tone', -999, 'No spacebar', 'No timing', 'Na', 'Na', 'Na', 12, 13]"
2010_005270.jpg,"[' person', ' horse', ' dog', nan, nan, 31.372459998699998, 'high', ' horse', nan, 'No Target', 'Normal', 'No tone', -999, 'No spacebar', 'No timing', 'Na', 'Na', 'Na', 58, 11]"
2008_007250.jpg,"[' bird', nan, nan, nan, nan, 31.892125506700001, 'high', ' bird', nan, 'No Target', 'Normal', 'No tone', -999, 'No spacebar', 'No timing', 'Na', 'Na', 'Na', 24, 11]"
2009_000260.jpg,"[' aeroplane', nan, nan, nan, nan, 20.088435845699998, 'low', ' aeroplane', nan, 'No Target', 'Normal', 'No tone', -999, 'No spacebar', 'No timing', 'Na', 'Na', 'Na', 46, 12]"
2009_002001.jpg,"[' person', ' aeroplane', nan, nan, nan, 34.5441448216, 'high', ' aeroplane', nan, 'No Target', 'Normal', 'No tone', -999, 'No spacebar', 'No timing', 'Na', 'Na', 'Na', 44, 16]"
2008_003170.jpg,"[' bird', nan, nan, nan, nan, 17.167558060299999, 'low', ' bird', nan, 'No Target', 'Critical', 'tone1', 348, 'space', 1.1461344331037253, 'Na', 'Na', 'Na', 1, 15]"
2008_005046.jpg,"[' person', ' dog', nan, nan, nan, 20.712898768700001, 'low', ' dog', nan, 'No Target', 'Normal', 'No tone', -999, 'No spacebar', 'No timing', 'Na', 'Na', 'Na', 13, 12]"
2008_001333.jpg,"[' sofa', ' chair', ' bottle', ' person', nan, 29.051766794999999, 'high', ' sofa', nan, 'No Target', 'Normal', 'No tone', -999, 'No spacebar', 'No timing', 'Na', 'Na', 'Na', 15, 10]"
2008_004991.jpg,"[' person', ' bottle', nan, nan, nan, 28.916515369699997, 'high', ' bottle', nan, 'No Target', 'Normal', 'No tone', -999, 'No spacebar', 'No timing', 'Na', 'Na', 'Na', 23, 13]"
2010_004447.jpg,"[' person', ' bottle', ' sofa', nan, nan, 33.561185784700001, 'high', ' bottle', nan, 'No Target', 'Normal', 'No tone', -999, 'No spacebar', 'No timing', 'Na', 'Na', 'Na', 6, 11]"
2008_001546.jpg,"[' aeroplane', nan, nan, nan, nan, 16.876667793699998, 'low', ' aeroplane', nan, 'No Target', 'Normal', 'No tone', -999, 'No spacebar', 'No timing', 'Na', 'Na', 'Na', 6, 9]"
2008_004690.jpg,"[' bird', nan, nan, nan, nan, 30.515352761700001, 'high', ' bird', nan, 'No Target', 'Normal', 'No tone', -999, 'No spacebar', 'No timing', 'Na', 'Na', 'Na', 3, 16]"
2008_002758.jpg,"[' person', ' chair', nan, nan, nan, 33.312072728000004, 'high', ' chair', nan, 'No Target', 'Normal', 'No tone', -999, 'No spacebar', 'No timing', 'Na', 'Na', 'Na', 31, 16]"
2011_002482.jpg,"[' person', ' bottle', nan, nan, nan, 30.936879278600003, 'high', ' person', ' bird', 'Target Absent', 'Normal', 'No tone', -999, 'No spacebar', 'No timing', 'p', 2.591, -999, 4, 11]"
2011_001382.jpg,"[' pottedplant', ' person', ' diningtable', ' bottle', nan, 28.939513311399999, 'high', ' pottedplant', nan, 'No Target', 'Normal', 'No tone', -999, 'No spacebar', 'No timing', 'Na', 'Na', 'Na', 36, 16]"
2010_004763.jpg,"[' chair', nan, nan, nan, nan, 33.261768177, 'high', ' chair', nan, 'No Target', 'Normal', 'No tone', -999, 'No spacebar', 'No timing', 'Na', 'Na', 'Na', 42, 10]"
2011_000282.jpg,"[' person', ' chair', ' bottle', ' diningtable', nan, 35.134856512799999, 'high', ' bottle', nan, 'No Target', 'Normal', 'No tone', -999, 'space', 0.919523497519549, 'Na', 'Na', 'Na', 2, 16]"
2008_002504.jpg,"[' boat', nan, nan, nan, nan, 20.470663952399999, 'low', ' boat', nan, 'No Target', 'Normal', 'No tone', -999, 'No spacebar', 'No timing', 'Na', 'Na', 'Na', 26, 9]"
2009_005118.jpg,"[' boat', nan, nan, nan, nan, 28.710284354299997, 'high', ' boat', nan, 'No Target', 'Normal', 'No tone', -999, 'No spacebar', 'No timing', 'Na', 'Na', 'Na', 17, 10]"
2008_006564.jpg,"[' aeroplane', nan, nan, nan, nan, 13.513291905000001, 'low', ' aeroplane', nan, 'No Target', 'Normal', 'No tone', -999, 'No spacebar', 'No timing', 'Na', 'Na', 'Na', 48, 9]"
2008_000982.jpg,"[' car', ' person', ' bus', nan, nan, 35.069419182200001, 'high', ' car', ' car', 'Target Present', 'Normal', 'No tone', -999, 'No spacebar', 'No timing', 'q', 2.467, -999, 16, 11]"
2008_003876.jpg,"[' aeroplane', nan, nan, nan, nan, 13.440366765599999, 'low', ' aeroplane', nan, 'No Target', 'Normal', 'No tone', -999, 'No spacebar', 'No timing', 'Na', 'Na', 'Na', 19, 12]"
2010_002349.jpg,"[' dog', nan, nan, nan, nan, 19.993102773699999, 'low', ' dog', nan, 'No Target', 'Normal', 'No tone', -999, 'No spacebar', 'No timing', 'Na', 'Na', 'Na', 49, 15]"
2008_001205.jpg,"[' person', nan, nan, nan, nan, 19.675826944100002, 'low', ' person', nan, 'No Target', 'Normal', 'No tone', -999, 'No spacebar', 'No timing', 'Na', 'Na', 'Na', 47, 14]"
2008_003575.jpg,"[' person', ' aeroplane', nan, nan, nan, 31.070624341999999, 'high', ' aeroplane', nan, 'No Target', 'Normal', 'No tone', -999, 'No spacebar', 'No timing', 'Na', 'Na', 'Na', 57, 16]"
2010_004791.jpg,"[' aeroplane', nan, nan, nan, nan, 20.1207612432, 'low', ' aeroplane', nan, 'No Target', 'Normal', 'No tone', -999, 'No spacebar', 'No timing', 'Na', 'Na', 'Na', 25, 15]"
2009_000523.jpg,"[' car', nan, nan, nan, nan, 21.181010736199998, 'low', ' car', ' chair', 'Target Absent', 'Normal', 'No tone', -999, 'No spacebar', 'No timing', 'p', 2.125, -999, 16, 12]"
2008_006863.jpg,"[' person', ' chair', ' cat', nan, nan, 30.878848142399999, 'high', ' cat', nan, 'No Target', 'Normal', 'No tone', -999, 'No spacebar', 'No timing', 'Na', 'Na', 'Na', 37, 13]"
2008_005702.jpg,"[' horse', nan, nan, nan, nan, 29.281237507399997, 'high', ' horse', nan, 'No Target', 'Normal', 'No tone', -999, 'No spacebar', 'No timing', 'Na', 'Na', 'Na', 5, 13]"
2008_000457.jpg,"[' car', nan, nan, nan, nan, 36.207394561000001, 'high', ' car', nan, 'No Target', 'Normal', 'No tone', -999, 'No spacebar', 'No timing', 'Na', 'Na', 'Na', 56, 11]"
2008_000414.jpg,"[' boat', nan, nan, nan, nan, 35.947150003000004, 'high', ' boat', nan, 'No Target', 'Normal', 'No tone', -999, 'No spacebar', 'No timing', 'Na', 'Na', 'Na', 54, 10]"
2008_004858.jpg,"[' car', ' bicycle', ' person', nan, nan, 30.476929097600003, 'high', ' car', nan, 'No Target', 'Normal', 'No tone', -999, 'No spacebar', 'No timing', 'Na', 'Na', 'Na', 27, 11]"
2010_005257.jpg,"[' cat', nan, nan, nan, nan, 20.041574567200001, 'low', ' cat', ' car', 'Target Absent', 'Normal', 'No tone', -999, 'No spacebar', 'No timing', 'p', 1.995, -999, 45, 15]"
2011_002810.jpg,"[' pottedplant', ' tvmonitor', ' chair', ' sofa', nan, 35.636604201700003, 'high', ' pottedplant', nan, 'No Target', 'Normal', 'No tone', -999, 'No spacebar', 'No timing', 'Na', 'Na', 'Na', 35, 16]"
2010_002742.jpg,"[' person', ' bottle', ' pottedplant', ' tvmonitor', ' chair', 31.6763857137, 'high', ' bottle', nan, 'No Target', 'Normal', 'No tone', -999, 'No spacebar', 'No timing', 'Na', 'Na', 'Na', 43, 10]"
2008_004269.jpg,"[' sofa', ' person', nan, nan, nan, 20.983298059399999, 'low', ' sofa', nan, 'No Target', 'Normal', 'No tone', -999, 'No spacebar', 'No timing', 'Na', 'Na', 'Na', 20, 15]"
2009_003232.jpg,"[' horse', nan, nan, nan, nan, 20.957748315299998, 'low', ' horse', nan, 'No Target', 'Normal', 'No tone', -999, 'No spacebar', 'No timing', 'Na', 'Na', 'Na', 0, 15]"
2009_001305.jpg,"[' cat', nan, nan, nan, nan, 18.684718211700002, 'low', ' cat', nan, 'No Target', 'Normal', 'No tone', -999, 'No spacebar', 'No timing', 'Na', 'Na', 'Na', 25, 14]"
2009_000021.jpg,"[' car', ' person', nan, nan, nan, 29.008359016300002, 'high', ' car', nan, 'No Target', 'Normal', 'No tone', -999, 'No spacebar', 'No timing', 'Na', 'Na', 'Na', 27, 13]"
2008_006470.jpg,"[' chair', nan, nan, nan, nan, 21.005917005699999, 'low', ' chair', nan, 'No Target', 'Normal', 'No tone', -999, 'No spacebar', 'No timing', 'Na', 'Na', 'Na', 9, 12]"
2011_001005.jpg,"[' pottedplant', ' sofa', nan, nan, nan, 18.967722672200001, 'low', ' pottedplant', nan, 'No Target', 'Critical', 'tone1', 42, 'space', 0.8889406817907002, 'Na', 'Na', 'Na', 50, 12]"
2008_000196.jpg,"[' pottedplant', ' bicycle', ' bottle', ' cat', nan, 35.353784429899996, 'high', ' cat', nan, 'No Target', 'Normal', 'No tone', -999, 'No spacebar', 'No timing', 'Na', 'Na', 'Na', 50, 10]"
2011_002050.jpg,"[' boat', nan, nan, nan, nan, 17.331558080699999, 'low', ' boat', nan, 'No Target', 'Normal', 'No tone', -999, 'No spacebar', 'No timing', 'Na', 'Na', 'Na', 24, 15]"
2010_005572.jpg,"[' person', ' motorbike', nan, nan, nan, 31.076858313600003, 'high', ' person', ' person', 'Target Present', 'Normal', 'No tone', -999, 'No spacebar', 'No timing', 'p', 2.13, -999, 3, 11]"
2009_001321.jpg,"[' car', ' aeroplane', nan, nan, nan, 37.937551657500002, 'high', ' aeroplane', nan, 'No Target', 'Critical', 'tone2', 574, 'No spacebar', 'No timing', 'Na', 'Na', 'Na', 57, 11]"
2010_002127.jpg,"[' person', ' bottle', ' car', nan, nan, 34.313161041299999, 'high', ' car', nan, 'No Target', 'Normal', 'No tone', -999, 'No spacebar', 'No timing', 'Na', 'Na', 'Na', 54, 13]"
2011_002641.jpg,"[' person', ' chair', ' bottle', nan, nan, 33.381115383499996, 'high', ' chair', nan, 'No Target', 'Normal', 'No tone', -999, 'No spacebar', 'No timing', 'Na', 'Na', 'Na', 17, 13]"
2009_003679.jpg,"[' pottedplant', nan, nan, nan, nan, 20.395429944300002, 'low', ' pottedplant', nan, 'No Target', 'Normal', 'No tone', -999, 'space', 0.06348405359312892, 'Na', 'Na', 'Na', 30, 15]"
2008_008097.jpg,"[' car', ' bicycle', ' motorbike', ' bus', ' person', 30.263449465700003, 'high', ' car', nan, 'No Target', 'Normal', 'No tone', -999, 'No spacebar', 'No timing', 'Na', 'Na', 'Na', 35, 13]"
2011_002098.jpg,"[' dog', ' bottle', nan, nan, nan, 41.9971447032, 'high', ' dog', nan, 'No Target', 'Normal', 'No tone', -999, 'No spacebar', 'No timing', 'Na', 'Na', 'Na', 49, 13]"
2009_000995.jpg,"[' sofa', ' person', nan, nan, nan, 31.4636772311, 'high', ' sofa', nan, 'No Target', 'Normal', 'No tone', -999, 'No spacebar', 'No timing', 'Na', 'Na', 'Na', 49, 10]"
2008_000123.jpg,"[' bird', nan, nan, nan, nan, 12.433989779300001, 'low', ' bird', nan, 'No Target', 'Normal', 'No tone', -999, 'No spacebar', 'No timing', 'Na', 'Na', 'Na', 55, 12]"
2008_000274.jpg,"[' pottedplant', ' chair', nan, nan, nan, 32.054269676300002, 'high', ' pottedplant', nan, 'No Target', 'Normal', 'No tone', -999, 'No spacebar', 'No timing', 'Na', 'Na', 'Na', 2, 13]"
2009_000565.jpg,"[' person', ' horse', nan, nan, nan, 30.530489775100001, 'high', ' horse', nan, 'No Target', 'Normal', 'No tone', -999, 'No spacebar', 'No timing', 'Na', 'Na', 'Na', 32, 11]"
2010_004175.jpg,"[' cat', nan, nan, nan, nan, 10.2366357609, 'low', ' cat', nan, 'No Target', 'Normal', 'No tone', -999, 'No spacebar', 'No timing', 'Na', 'Na', 'Na', 36, 14]"
2010_004145.jpg,"[' horse', nan, nan, nan, nan, 18.5904564306, 'low', ' horse', nan, 'No Target', 'Normal', 'No tone', -999, 'No spacebar', 'No timing', 'Na', 'Na', 'Na', 6, 14]"
2008_003369.jpg,"[' aeroplane', nan, nan, nan, nan, 15.7319627222, 'low', ' aeroplane', nan, 'No Target', 'Normal', 'No tone', -999, 'No spacebar', 'No timing', 'Na', 'Na', 'Na', 52, 15]"
2008_002145.jpg,"[' person', nan, nan, nan, nan, 18.8795575328, 'low', ' person', nan, 'No Target', 'Normal', 'No tone', -999, 'No spacebar', 'No timing', 'Na', 'Na', 'Na', 15, 12]"
2008_001040.jpg,"[' boat', nan, nan, nan, nan, 20.2100437036, 'low', ' boat', nan, 'No Target', 'Normal', 'No tone', -999, 'No spacebar', 'No timing', 'Na', 'Na', 'Na', 31, 12]"
2008_002700.jpg,"[' person', nan, nan, nan, nan, 21.051373291199997, 'low', ' person', nan, 'No Target', 'Normal', 'No tone', -999, 'No spacebar', 'No timing', 'Na', 'Na', 'Na', 0, 9]"
2010_002603.jpg,"[' person', ' chair', nan, nan, nan, 37.0529117102, 'high', ' person', nan, 'No Target', 'Normal', 'No tone', -999, 'No spacebar', 'No timing', 'Na', 'Na', 'Na', 53, 11]"
2010_005780.jpg,"[' boat', nan, nan, nan, nan, 16.846336579199999, 'low', ' boat', ' boat', 'Target Present', 'Normal', 'No tone', -999, 'No spacebar', 'No timing', 'q', 2.225, -999, 23, 9]"
2009_000059.jpg,"[' person', ' chair', nan, nan, nan, 14.4209422776, 'low', ' chair', nan, 'No Target', 'Normal', 'No tone', -999, 'No spacebar', 'No timing', 'Na', 'Na', 'Na', 54, 14]"
2008_006062.jpg,"[' tvmonitor', ' bottle', nan, nan, nan, 29.9937814283, 'high', ' bottle', nan, 'No Target', 'Normal', 'No tone', -999, 'No spacebar', 'No timing', 'Na', 'Na', 'Na', 16, 16]"
2008_007388.jpg,"[' pottedplant', ' chair', ' diningtable', nan, nan, 28.766357844499996, 'high', ' chair', nan, 'No Target', 'Normal', 'No tone', -999, 'No spacebar', 'No timing', 'Na', 'Na', 'Na', 52, 16]"
2011_000499.jpg,"[' tvmonitor', ' chair', ' sofa', nan, nan, 30.457957800399999, 'high', ' sofa', nan, 'No Target', 'Normal', 'No tone', -999, 'No spacebar', 'No timing', 'Na', 'Na', 'Na', 30, 11]"
2009_001894.jpg,"[' cat', nan, nan, nan, nan, 19.107696549900002, 'low', ' cat', nan, 'No Target', 'Normal', 'No tone', -999, 'No spacebar', 'No timing', 'Na', 'Na', 'Na', 27, 14]"
2008_000619.jpg,"[' car', ' cat', nan, nan, nan, 33.462184790500004, 'high', ' cat', nan, 'No Target', 'Normal', 'No tone', -999, 'space', -0.25897134133265354, 'Na', 'Na', 'Na', 5, 11]"
2009_004794.jpg,"[' pottedplant', ' person', ' bottle', ' diningtable', nan, 36.665582819299999, 'high', ' pottedplant', nan, 'No Target', 'Normal', 'No tone', -999, 'No spacebar', 'No timing', 'Na', 'Na', 'Na', 8, 13]"
2009_003520.jpg,"[' chair', ' diningtable', nan, nan, nan, 29.119691130300001, 'high', ' chair', nan, 'No Target', 'Normal', 'No tone', -999, 'No spacebar', 'No timing', 'Na', 'Na', 'Na', 9, 16]"
2008_000916.jpg,"[' pottedplant', ' person', ' train', nan, nan, 29.323493073200002, 'high', ' person', ' person', 'Target Present', 'Normal', 'No tone', -999, 'No spacebar', 'No timing', 'q', 2.251, -999, 52, 11]"
2008_004607.jpg,"[' bottle', nan, nan, nan, nan, 20.465741195, 'low', ' bottle', nan, 'No Target', 'Normal', 'No tone', -999, 'No spacebar', 'No timing', 'Na', 'Na', 'Na', 24, 9]"
2008_001221.jpg,"[' person', nan, nan, nan, nan, 18.139053151400002, 'low', ' person', nan, 'No Target', 'Normal', 'No tone', -999, 'No spacebar', 'No timing', 'Na', 'Na', 'Na', 57, 12]"
2008_004171.jpg,"[' pottedplant', nan, nan, nan, nan, 20.5841625672, 'low', ' pottedplant', nan, 'No Target', 'Normal', 'No tone', -999, 'No spacebar', 'No timing', 'Na', 'Na', 'Na', 34, 12]"
2010_004231.jpg,"[' chair', ' diningtable', nan, nan, nan, 15.830708942999999, 'low', ' chair', nan, 'No Target', 'Normal', 'No tone', -999, 'No spacebar', 'No timing', 'Na', 'Na', 'Na', 49, 12]"
2008_000321.jpg,"[' sofa', ' person', nan, nan, nan, 35.925571873199999, 'high', ' sofa', nan, 'No Target', 'Critical', 'tone1', 342, 'No spacebar', 'No timing', 'Na', 'Na', 'Na', 55, 13]"
2010_003280.jpg,"[' person', ' horse', nan, nan, nan, 20.306835318099999, 'low', ' horse', nan, 'No Target', 'Normal', 'No tone', -999, 'No spacebar', 'No timing', 'Na', 'Na', 'Na', 47, 9]"
2008_008210.jpg,"[' person', ' bicycle', ' car', nan, nan, 31.5779063964, 'high', ' car', nan, 'No Target', 'Normal', 'No tone', -999, 'No spacebar', 'No timing', 'Na', 'Na', 'Na', 58, 13]"
2009_002137.jpg,"[' bottle', nan, nan, nan, nan, 18.603518928099998, 'low', ' bottle', ' bottle', 'Target Present', 'Normal', 'No tone', -999, 'No spacebar', 'No timing', 'q', 2.18, -999, 9, 15]"
2010_001451.jpg,"[' horse', nan, nan, nan, nan, 14.3004646918, 'low', ' horse', ' horse', 'Target Present', 'Normal', 'No tone', -999, 'No spacebar', 'No timing', 'q', 2.138, -999, 34, 9]"
2008_003659.jpg,"[' cat', nan, nan, nan, nan, 15.633666738699999, 'low', ' cat', ' cat', 'Target Present', 'Normal', 'No tone', -999, 'No spacebar', 'No timing', 'q', 2.027, -999, 59, 15]"
2009_004598.jpg,"[' cat', nan, nan, nan, nan, 16.656599770100001, 'low', ' cat', nan, 'No Target', 'Normal', 'No tone', -999, 'No spacebar', 'No timing', 'Na', 'Na', 'Na', 38, 14]"
2011_003074.jpg,"[' chair', nan, nan, nan, nan, 20.5088814639, 'low', ' chair', nan, 'No Target', 'Normal', 'No tone', -999, 'No spacebar', 'No timing', 'Na', 'Na', 'Na', 2, 14]"
2008_000177.jpg,"[' horse', nan, nan, nan, nan, 16.396955524199999, 'low', ' horse', nan, 'No Target', 'Normal', 'No tone', -999, 'No spacebar', 'No timing', 'Na', 'Na', 'Na', 22, 15]"
2010_002278.jpg,"[' person', ' cat', nan, nan, nan, 29.867994035100001, 'high', ' cat', ' bird', 'Target Absent', 'Normal', 'No tone', -999, 'No spacebar', 'No timing', 'p', 1.967, -999, 22, 11]"
2011_000631.jpg,"[' boat', nan, nan, nan, nan, 37.706201599499998, 'high', ' boat', nan, 'No Target', 'Normal', 'No tone', -999, 'No spacebar', 'No timing', 'Na', 'Na', 'Na', 20, 10]"
2008_006912.jpg,"[' person', ' horse', nan, nan, nan, 28.936239221699999, 'high', ' horse', nan, 'No Target', 'Normal', 'No tone', -999, 'No spacebar', 'No timing', 'Na', 'Na', 'Na', 35, 10]"
2008_000119.jpg,"[' person', ' horse', nan, nan, nan, 19.1875460742, 'low', ' person', nan, 'No Target', 'Normal', 'No tone', -999, 'No spacebar', 'No timing', 'Na', 'Na', 'Na', 35, 9]"
2008_001367.jpg,"[' person', nan, nan, nan, nan, 20.358449022000002, 'low', ' person', ' person', 'Target Present', 'Normal', 'No tone', -999, 'No spacebar', 'No timing', 'q', 2.245, -999, 12, 9]"
2011_001944.jpg,"[' dog', nan, nan, nan, nan, 31.728170063099999, 'high', ' dog', nan, 'No Target', 'Critical', 'tone2', 250, 'space', 1.1318404428602662, 'Na', 'Na', 'Na', 59, 11]"
2011_001611.jpg,"[' pottedplant', nan, nan, nan, nan, 20.3935266021, 'low', ' pottedplant', nan, 'No Target', 'Normal', 'No tone', -999, 'No spacebar', 'No timing', 'Na', 'Na', 'Na', 15, 9]"
2010_005217.jpg,"[' bird', nan, nan, nan, nan, 20.8217316307, 'low', ' bird', nan, 'No Target', 'Normal', 'No tone', -999, 'No spacebar', 'No timing', 'Na', 'Na', 'Na', 58, 14]"
2010_004778.jpg,"[' person', ' chair', ' diningtable', ' bottle', nan, 30.060591861999999, 'high', ' bottle', nan, 'No Target', 'Normal', 'No tone', -999, 'No spacebar', 'No timing', 'Na', 'Na', 'Na', 33, 10]"
2010_005542.jpg,"[' car', ' bicycle', ' person', nan, nan, 28.874416244099997, 'high', ' person', nan, 'No Target', 'Normal', 'No tone', -999, 'No spacebar', 'No timing', 'Na', 'Na', 'Na', 28, 16]"
2010_005894.jpg,"[' chair', nan, nan, nan, nan, 29.027958359099998, 'high', ' chair', nan, 'No Target', 'Normal', 'No tone', -999, 'No spacebar', 'No timing', 'Na', 'Na', 'Na', 28, 13]"
2008_007629.jpg,"[' aeroplane', nan, nan, nan, nan, 31.1423085011, 'high', ' aeroplane', nan, 'No Target', 'Normal', 'No tone', -999, 'No spacebar', 'No timing', 'Na', 'Na', 'Na', 51, 13]"
2009_005133.jpg,"[' car', nan, nan, nan, nan, 29.270464835399999, 'high', ' car', nan, 'No Target', 'Normal', 'No tone', -999, 'No spacebar', 'No timing', 'Na', 'Na', 'Na', 31, 11]"
2008_005090.jpg,"[' tvmonitor', ' sofa', ' bottle', ' person', nan, 29.608026491599997, 'high', ' bottle', nan, 'No Target', 'Normal', 'No tone', -999, 'No spacebar', 'No timing', 'Na', 'Na', 'Na', 34, 10]"
2009_003686.jpg,"[' horse', nan, nan, nan, nan, 18.7207285432, 'low', ' horse', nan, 'No Target', 'Normal', 'No tone', -999, 'No spacebar', 'No timing', 'Na', 'Na', 'Na', 52, 12]"
2011_001001.jpg,"[' person', ' bird', ' boat', nan, nan, 31.913409738600002, 'high', ' bird', nan, 'No Target', 'Critical', 'tone2', 10, 'No spacebar', 'No timing', 'Na', 'Na', 'Na', 6, 13]"
2008_005214.jpg,"[' pottedplant', nan, nan, nan, nan, 21.217669901600001, 'low', ' pottedplant', nan, 'No Target', 'Normal', 'No tone', -999, 'No spacebar', 'No timing', 'Na', 'Na', 'Na', 25, 12]"
2011_003145.jpg,"[' bird', nan, nan, nan, nan, 17.497069987500002, 'low', ' bird', nan, 'No Target', 'Normal', 'No tone', -999, 'No spacebar', 'No timing', 'Na', 'Na', 'Na', 56, 9]"
2008_006954.jpg,"[' bird', nan, nan, nan, nan, 11.957700194600001, 'low', ' bird', nan, 'No Target', 'Normal', 'No tone', -999, 'No spacebar', 'No timing', 'Na', 'Na', 'Na', 13, 15]"
2008_000163.jpg,"[' car', nan, nan, nan, nan, 18.708497724600001, 'low', ' car', nan, 'No Target', 'Normal', 'No tone', -999, 'No spacebar', 'No timing', 'Na', 'Na', 'Na', 11, 12]"
2010_001036.jpg,"[' person', ' boat', nan, nan, nan, 19.194815949999999, 'low', ' boat', ' boat', 'Target Present', 'Normal', 'No tone', -999, 'No spacebar', 'No timing', 'q', 2.092, -999, 51, 15]"
2009_000058.jpg,"[' person', ' bottle', ' diningtable', nan, nan, 34.072917550300005, 'high', ' bottle', ' bottle', 'Target Present', 'Normal', 'No tone', -999, 'No spacebar', 'No timing', 'q', 2.414, -999, 31, 13]"
2010_003724.jpg,"[' person', ' bird', nan, nan, nan, 29.657389969299999, 'high', ' bird', nan, 'No Target', 'Normal', 'No tone', -999, 'No spacebar', 'No timing', 'Na', 'Na', 'Na', 39, 13]"
2011_001967.jpg,"[' bird', nan, nan, nan, nan, 13.908448224100001, 'low', ' bird', nan, 'No Target', 'Normal', 'No tone', -999, 'No spacebar', 'No timing', 'Na', 'Na', 'Na', 59, 14]"
2009_001406.jpg,"[' person', ' boat', nan, nan, nan, 19.901616892300002, 'low', ' boat', nan, 'No Target', 'Normal', 'No tone', -999, 'No spacebar', 'No timing', 'Na', 'Na', 'Na', 54, 9]"
2009_001345.jpg,"[' person', ' aeroplane', nan, nan, nan, 28.995416607399999, 'high', ' aeroplane', nan, 'No Target', 'Critical', 'tone2', 848, 'No spacebar', 'No timing', 'Na', 'Na', 'Na', 29, 16]"
2008_002119.jpg,"[' pottedplant', ' sofa', ' chair', ' tvmonitor', nan, 29.464580095599999, 'high', ' pottedplant', nan, 'No Target', 'Normal', 'No tone', -999, 'No spacebar', 'No timing', 'Na', 'Na', 'Na', 20, 13]"
2008_001495.jpg,"[' bird', nan, nan, nan, nan, 21.229485107999999, 'low', ' bird', nan, 'No Target', 'Normal', 'No tone', -999, 'No spacebar', 'No timing', 'Na', 'Na', 'Na', 28, 15]"
2009_004129.jpg,"[' chair', nan, nan, nan, nan, 11.459232377200001, 'low', ' chair', nan, 'No Target', 'Normal', 'No tone', -999, 'No spacebar', 'No timing', 'Na', 'Na', 'Na', 32, 14]"
2009_005036.jpg,"[' car', ' aeroplane', nan, nan, nan, 16.811685000600001, 'low', ' aeroplane', nan, 'No Target', 'Normal', 'No tone', -999, 'No spacebar', 'No timing', 'Na', 'Na', 'Na', 55, 14]"
2008_005878.jpg,"[' bus', ' person', ' car', nan, nan, 31.1679369698, 'high', ' car', nan, 'No Target', 'Normal', 'No tone', -999, 'No spacebar', 'No timing', 'Na', 'Na', 'Na', 51, 16]"
2009_002888.jpg,"[' aeroplane', nan, nan, nan, nan, 18.000361854299999, 'low', ' aeroplane', ' dog', 'Target Absent', 'Normal', 'No tone', -999, 'No spacebar', 'No timing', 'p', 2.09, -999, 21, 12]"
2008_000398.jpg,"[' person', ' bottle', nan, nan, nan, 20.423795473800002, 'low', ' bottle', nan, 'No Target', 'Normal', 'No tone', -999, 'No spacebar', 'No timing', 'Na', 'Na', 'Na', 49, 14]"
2009_002604.jpg,"[' bird', nan, nan, nan, nan, 13.6444177899, 'low', ' bird', nan, 'No Target', 'Normal', 'No tone', -999, 'No spacebar', 'No timing', 'Na', 'Na', 'Na', 54, 15]"
2009_003884.jpg,"[' chair', ' diningtable', nan, nan, nan, 28.728636261199998, 'high', ' chair', nan, 'No Target', 'Normal', 'No tone', -999, 'No spacebar', 'No timing', 'Na', 'Na', 'Na', 47, 10]"
2008_000704.jpg,"[' sofa', ' chair', ' person', nan, nan, 34.561608235999998, 'high', ' person', nan, 'No Target', 'Normal', 'No tone', -999, 'No spacebar', 'No timing', 'Na', 'Na', 'Na', 5, 10]"
2009_004984.jpg,"[' bicycle', ' bottle', nan, nan, nan, 18.893798014400002, 'low', ' bottle', nan, 'No Target', 'Normal', 'No tone', -999, 'No spacebar', 'No timing', 'Na', 'Na', 'Na', 50, 15]"
2010_000811.jpg,"[' dog', nan, nan, nan, nan, 18.045035650599999, 'low', ' dog', nan, 'No Target', 'Normal', 'No tone', -999, 'No spacebar', 'No timing', 'Na', 'Na', 'Na', 47, 15]"
2009_004364.jpg,"[' car', ' bicycle', nan, nan, nan, 28.730946256999999, 'high', ' car', nan, 'No Target', 'Critical', 'tone1', 758, 'No spacebar', 'No timing', 'Na', 'Na', 'Na', 8, 10]"
2008_002672.jpg,"[' car', nan, nan, nan, nan, 30.394048445799999, 'high', ' car', nan, 'No Target', 'Normal', 'No tone', -999, 'No spacebar', 'No timing', 'Na', 'Na', 'Na', 26, 13]"
2009_000539.jpg,"[' person', ' dog', nan, nan, nan, 29.354458493600003, 'high', ' dog', nan, 'No Target', 'Normal', 'No tone', -999, 'No spacebar', 'No timing', 'Na', 'Na', 'Na', 13, 11]"
2008_004907.jpg,"[' boat', nan, nan, nan, nan, 16.580374337799999, 'low', ' boat', nan, 'No Target', 'Normal', 'No tone', -999, 'No spacebar', 'No timing', 'Na', 'Na', 'Na', 37, 15]"
2011_001116.jpg,"[' person', ' cat', nan, nan, nan, 29.778544182699999, 'high', ' cat', nan, 'No Target', 'Normal', 'No tone', -999, 'No spacebar', 'No timing', 'Na', 'Na', 'Na', 4, 16]"
2010_002620.jpg,"[' boat', nan, nan, nan, nan, 34.967527734099995, 'high', ' boat', nan, 'No Target', 'Normal', 'No tone', -999, 'space', 0.24983621083083563, 'Na', 'Na', 'Na', 30, 16]"
2009_004594.jpg,"[' car', nan, nan, nan, nan, 19.030178152400001, 'low', ' car', nan, 'No Target', 'Normal', 'No tone', -999, 'No spacebar', 'No timing', 'Na', 'Na', 'Na', 8, 14]"
2008_007745.jpg,"[' person', ' dog', nan, nan, nan, 32.9593902214, 'high', ' dog', nan, 'No Target', 'Normal', 'No tone', -999, 'No spacebar', 'No timing', 'Na', 'Na', 'Na', 17, 16]"
2009_003351.jpg,"[' pottedplant', ' person', ' chair', ' motorbike', ' boat', 31.580489902100002, 'high', ' boat', nan, 'No Target', 'Normal', 'No tone', -999, 'No spacebar', 'No timing', 'Na', 'Na', 'Na', 38, 13]"
2010_003943.jpg,"[' cat', nan, nan, nan, nan, 31.193570788800002, 'high', ' cat', ' cat', 'Target Present', 'Normal', 'No tone', -999, 'No spacebar', 'No timing', 'q', 1.993, -999, 24, 10]"
2008_000189.jpg,"[' person', ' car', nan, nan, nan, 18.390878339300002, 'low', ' car', nan, 'No Target', 'Normal', 'No tone', -999, 'space', 0.6766841774224304, 'Na', 'Na', 'Na', 14, 9]"
2010_000865.jpg,"[' person', ' train', ' car', nan, nan, 31.026856988899997, 'high', ' car', nan, 'No Target', 'Normal', 'No tone', -999, 'No spacebar', 'No timing', 'Na', 'Na', 'Na', 46, 16]"
2008_007208.jpg,"[' dog', nan, nan, nan, nan, 19.803149146999999, 'low', ' dog', nan, 'No Target', 'Normal', 'No tone', -999, 'No spacebar', 'No timing', 'Na', 'Na', 'Na', 22, 9]"
2011_000628.jpg,"[' person', ' horse', nan, nan, nan, 31.3105999235, 'high', ' horse', nan, 'No Target', 'Normal', 'No tone', -999, 'No spacebar', 'No timing', 'Na', 'Na', 'Na', 26, 11]"
2008_000940.jpg,"[' person', nan, nan, nan, nan, 20.189150337099999, 'low', ' person', ' pottedplant', 'Target Absent', 'Critical', 'tone1', 804, 'No spacebar', 'No timing', 'p', 2.381, -999, 24, 14]"
2008_008628.jpg,"[' sofa', nan, nan, nan, nan, 30.980311145300004, 'high', ' sofa', nan, 'No Target', 'Normal', 'No tone', -999, 'No spacebar', 'No timing', 'Na', 'Na', 'Na', 14, 11]"
2008_007096.jpg,"[' aeroplane', nan, nan, nan, nan, 20.158044410599999, 'low', ' aeroplane', nan, 'No Target', 'Normal', 'No tone', -999, 'No spacebar', 'No timing', 'Na', 'Na', 'Na', 22, 14]"
2009_000189.jpg,"[' sofa', ' dog', nan, nan, nan, 20.934059682099999, 'low', ' sofa', nan, 'No Target', 'Normal', 'No tone', -999, 'No spacebar', 'No timing', 'Na', 'Na', 'Na', 20, 14]"
2008_002774.jpg,"[' person', ' motorbike', nan, nan, nan, 32.123307362299997, 'high', ' person', nan, 'No Target', 'Normal', 'No tone', -999, 'No spacebar', 'No timing', 'Na', 'Na', 'Na', 44, 13]"
2009_002750.jpg,"[' person', ' horse', nan, nan, nan, 30.141763061599999, 'high', ' horse', ' horse', 'Target Present', 'Normal', 'No tone', -999, 'No spacebar', 'No timing', 'q', 1.917, -999, 10, 16]"
2008_000501.jpg,"[' car', nan, nan, nan, nan, 18.298678097500002, 'low', ' car', ' aeroplane', 'Target Absent', 'Normal', 'No tone', -999, 'No spacebar', 'No timing', 'p', 2.148, -999, 27, 12]"
2008_000202.jpg,"[' person', ' chair', ' bottle', ' tvmonitor', nan, 34.6330560906, 'high', ' bottle', nan, 'No Target', 'Normal', 'No tone', -999, 'No spacebar', 'No timing', 'Na', 'Na', 'Na', 37, 10]"
2010_004339.jpg,"[' dog', nan, nan, nan, nan, 18.0203679669, 'low', ' dog', ' dog', 'Target Present', 'Normal', 'No tone', -999, 'No spacebar', 'No timing', 'q', 1.993, -999, 26, 12]"
2008_003767.jpg,"[' pottedplant', nan, nan, nan, nan, 21.255887547499999, 'low', ' pottedplant', nan, 'No Target', 'Normal', 'No tone', -999, 'No spacebar', 'No timing', 'Na', 'Na', 'Na', 5, 15]"
2008_002062.jpg,"[' car', nan, nan, nan, nan, 18.787450721400003, 'low', ' car', nan, 'No Target', 'Normal', 'No tone', -999, 'No spacebar', 'No timing', 'Na', 'Na', 'Na', 22, 12]"
2011_002971.jpg,"[' sofa', ' chair', ' person', nan, nan, 36.443791926599999, 'high', ' sofa', nan, 'No Target', 'Normal', 'No tone', -999, 'No spacebar', 'No timing', 'Na', 'Na', 'Na', 32, 13]"
2011_000481.jpg,"[' aeroplane', nan, nan, nan, nan, 15.759492066500002, 'low', ' aeroplane', nan, 'No Target', 'Critical', 'tone1', 399, 'space', 1.22579555347329, 'Na', 'Na', 'Na', 38, 15]"
2010_005606.jpg,"[' person', ' sofa', ' cat', nan, nan, 29.514189787399999, 'high', ' cat', nan, 'No Target', 'Normal', 'No tone', -999, 'No spacebar', 'No timing', 'Na', 'Na', 'Na', 40, 11]"
2008_008331.jpg,"[' pottedplant', nan, nan, nan, nan, 19.3213088734, 'low', ' pottedplant', nan, 'No Target', 'Normal', 'No tone', -999, 'No spacebar', 'No timing', 'Na', 'Na', 'Na', 8, 15]"
2008_001451.jpg,"[' pottedplant', ' person', ' chair', ' diningtable', nan, 31.487640373200001, 'high', ' pottedplant', nan, 'No Target', 'Critical', 'tone2', 60, 'No spacebar', 'No timing', 'Na', 'Na', 'Na', 36, 13]"
2010_000426.jpg,"[' bottle', nan, nan, nan, nan, 17.883134744500001, 'low', ' bottle', nan, 'No Target', 'Normal', 'No tone', -999, 'No spacebar', 'No timing', 'Na', 'Na', 'Na', 4, 14]"
2008_003045.jpg,"[' cat', nan, nan, nan, nan, 16.417039192800001, 'low', ' cat', nan, 'No Target', 'Normal', 'No tone', -999, 'No spacebar', 'No timing', 'Na', 'Na', 'Na', 16, 15]"
2008_008533.jpg,"[' horse', nan, nan, nan, nan, 19.207956396300002, 'low', ' horse', ' horse', 'Target Present', 'Normal', 'No tone', -999, 'No spacebar', 'No timing', 'q', 2.046, -999, 15, 15]"
2010_003297.jpg,"[' person', ' horse', nan, nan, nan, 31.969634324400001, 'high', ' horse', nan, 'No Target', 'Normal', 'No tone', -999, 'No spacebar', 'No timing', 'Na', 'Na', 'Na', 19, 13]"
2008_000151.jpg,"[' aeroplane', nan, nan, nan, nan, 8.1712447406199988, 'low', ' aeroplane', nan, 'No Target', 'Normal', 'No tone', -999, 'No spacebar', 'No timing', 'Na', 'Na', 'Na', 20, 9]"
2011_000661.jpg,"[' chair', ' cat', nan, nan, nan, 19.797171416400001, 'low', ' cat', nan, 'No Target', 'Normal', 'No tone', -999, 'No spacebar', 'No timing', 'Na', 'Na', 'Na', 45, 9]"
2008_007664.jpg,"[' diningtable', ' person', ' chair', ' dog', ' bottle', 36.040121428299997, 'high', ' bottle', nan, 'No Target', 'Critical', 'tone1', 789, 'No spacebar', 'No timing', 'Na', 'Na', 'Na', 41, 13]"
2010_001691.jpg,"[' boat', nan, nan, nan, nan, 16.8629662116, 'low', ' boat', nan, 'No Target', 'Normal', 'No tone', -999, 'No spacebar', 'No timing', 'Na', 'Na', 'Na', 19, 15]"
2008_002084.jpg,"[' pottedplant', ' person', ' dog', nan, nan, 30.007374331899999, 'high', ' dog', ' dog', 'Target Present', 'Normal', 'No tone', -999, 'No spacebar', 'No timing', 'q', 2.032, -999, 19, 11]"
2008_006837.jpg,"[' chair', ' dog', ' diningtable', nan, nan, 18.206263900899998, 'low', ' chair', nan, 'No Target', 'Normal', 'No tone', -999, 'No spacebar', 'No timing', 'Na', 'Na', 'Na', 52, 14]"
2010_000299.jpg,"[' bird', nan, nan, nan, nan, 19.706122139800001, 'low', ' bird', nan, 'No Target', 'Normal', 'No tone', -999, 'No spacebar', 'No timing', 'Na', 'Na', 'Na', 34, 15]"
2008_002899.jpg,"[' cat', nan, nan, nan, nan, 14.127469618599999, 'low', ' cat', nan, 'No Target', 'Critical', 'tone1', 481, 'No spacebar', 'No timing', 'Na', 'Na', 'Na', 29, 15]"
2009_001723.jpg,"[' boat', nan, nan, nan, nan, 19.264337675099998, 'low', ' boat', nan, 'No Target', 'Normal', 'No tone', -999, 'No spacebar', 'No timing', 'Na', 'Na', 'Na', 5, 14]"
2008_000041.jpg,"[' pottedplant', ' person', ' chair', ' diningtable', nan, 37.710719022299998, 'high', ' pottedplant', nan, 'No Target', 'Normal', 'No tone', -999, 'No spacebar', 'No timing', 'Na', 'Na', 'Na', 53, 16]"
2010_005054.jpg,"[' tvmonitor', ' sofa', nan, nan, nan, 20.2162635229, 'low', ' sofa', nan, 'No Target', 'Normal', 'No tone', -999, 'No spacebar', 'No timing', 'Na', 'Na', 'Na', 26, 14]"
2011_002193.jpg,"[' person', ' aeroplane', nan, nan, nan, 30.1828857165, 'high', ' person', nan, 'No Target', 'Normal', 'No tone', -999, 'No spacebar', 'No timing', 'Na', 'Na', 'Na', 50, 11]"
2008_001965.jpg,"[' person', ' dog', nan, nan, nan, 28.8389563542, 'high', ' dog', nan, 'No Target', 'Normal', 'No tone', -999, 'No spacebar', 'No timing', 'Na', 'Na', 'Na', 39, 16]"
2008_001708.jpg,"[' dog', ' cat', nan, nan, nan, 21.247629460399999, 'low', ' dog', nan, 'No Target', 'Normal', 'No tone', -999, 'No spacebar', 'No timing', 'Na', 'Na', 'Na', 6, 12]"
2009_002897.jpg,"[' boat', nan, nan, nan, nan, 29.608002755300003, 'high', ' boat', nan, 'No Target', 'Normal', 'No tone', -999, 'space', 0.4753067518759053, 'Na', 'Na', 'Na', 42, 13]"
2008_008500.jpg,"[' person', ' horse', nan, nan, nan, 33.968352980100001, 'high', ' horse', nan, 'No Target', 'Normal', 'No tone', -999, 'No spacebar', 'No timing', 'Na', 'Na', 'Na', 3, 10]"
2009_005008.jpg,"[' pottedplant', nan, nan, nan, nan, 17.770158360899998, 'low', ' pottedplant', nan, 'No Target', 'Normal', 'No tone', -999, 'No spacebar', 'No timing', 'Na', 'Na', 'Na', 50, 9]"
2008_002725.jpg,"[' person', nan, nan, nan, nan, 35.696632301999998, 'high', ' person', nan, 'No Target', 'Normal', 'No tone', -999, 'No spacebar', 'No timing', 'Na', 'Na', 'Na', 29, 10]"
2008_003081.jpg,"[' person', ' boat', nan, nan, nan, 29.0064574566, 'high', ' person', nan, 'No Target', 'Normal', 'No tone', -999, 'No spacebar', 'No timing', 'Na', 'Na', 'Na', 11, 11]"
2009_000619.jpg,"[' bird', nan, nan, nan, nan, 19.305030478100001, 'low', ' bird', ' bottle', 'Target Absent', 'Critical', 'tone2', 807, 'No spacebar', 'No timing', 'p', 2.176, -999, 57, 14]"
2009_000198.jpg,"[' pottedplant', ' chair', nan, nan, nan, 34.966628065800002, 'high', ' pottedplant', ' aeroplane', 'Target Absent', 'Normal', 'No tone', -999, 'No spacebar', 'No timing', 'p', 2.217, -999, 53, 13]"
2010_000805.jpg,"[' dog', ' bottle', nan, nan, nan, 18.860703342099999, 'low', ' bottle', nan, 'No Target', 'Normal', 'No tone', -999, 'No spacebar', 'No timing', 'Na', 'Na', 'Na', 40, 15]"
2010_004662.jpg,"[' boat', nan, nan, nan, nan, 21.198620417499999, 'low', ' boat', nan, 'No Target', 'Normal', 'No tone', -999, 'No spacebar', 'No timing', 'Na', 'Na', 'Na', 33, 15]"
2011_002582.jpg,"[' bird', nan, nan, nan, nan, 19.239146135199999, 'low', ' bird', ' bird', 'Target Present', 'Normal', 'No tone', -999, 'No spacebar', 'No timing', 'q', 1.9, -999, 32, 15]"
2008_002116.jpg,"[' person', ' dog', nan, nan, nan, 20.166020393299998, 'low', ' person', nan, 'No Target', 'Normal', 'No tone', -999, 'No spacebar', 'No timing', 'Na', 'Na', 'Na', 23, 15]"
2011_001605.jpg,"[' pottedplant', ' person', ' motorbike', nan, nan, 34.416005433300001, 'high', ' pottedplant', nan, 'No Target', 'Normal', 'No tone', -999, 'No spacebar', 'No timing', 'Na', 'Na', 'Na', 38, 16]"
2008_005490.jpg,"[' person', ' sofa', nan, nan, nan, 13.4141262808, 'low', ' sofa', nan, 'No Target', 'Normal', 'No tone', -999, 'No spacebar', 'No timing', 'Na', 'Na', 'Na', 40, 9]"
2010_005170.jpg,"[' person', ' chair', ' diningtable', ' sofa', nan, 30.916466766399999, 'high', ' sofa', nan, 'No Target', 'Normal', 'No tone', -999, 'No spacebar', 'No timing', 'Na', 'Na', 'Na', 36, 10]"
2009_000716.jpg,"[' cat', nan, nan, nan, nan, 20.537353537600001, 'low', ' cat', nan, 'No Target', 'Normal', 'No tone', -999, 'No spacebar', 'No timing', 'Na', 'Na', 'Na', 12, 14]"
2011_002509.jpg,"[' person', ' chair', ' tvmonitor', nan, nan, 28.894989563999999, 'high', ' chair', nan, 'No Target', 'Normal', 'No tone', -999, 'No spacebar', 'No timing', 'Na', 'Na', 'Na', 0, 13]"
2010_001856.jpg,"[' person', ' horse', nan, nan, nan, 35.6691324556, 'high', ' horse', nan, 'No Target', 'Normal', 'No tone', -999, 'No spacebar', 'No timing', 'Na', 'Na', 'Na', 10, 13]"
2008_004459.jpg,"[' person', ' sofa', nan, nan, nan, 31.1244371666, 'high', ' sofa', nan, 'No Target', 'Normal', 'No tone', -999, 'No spacebar', 'No timing', 'Na', 'Na', 'Na', 33, 16]"
2008_000219.jpg,"[' horse', nan, nan, nan, nan, 19.598131175100001, 'low', ' horse', nan, 'No Target', 'Critical', 'tone1', 120, 'space', 0.8612233924795873, 'Na', 'Na', 'Na', 59, 12]"
2010_005628.jpg,"[' pottedplant', ' person', ' chair', ' dog', nan, 34.099790178399999, 'high', ' dog', nan, 'No Target', 'Normal', 'No tone', -999, 'No spacebar', 'No timing', 'Na', 'Na', 'Na', 52, 13]"
2011_001800.jpg,"[' person', ' aeroplane', nan, nan, nan, 30.953043289899998, 'high', ' aeroplane', nan, 'No Target', 'Normal', 'No tone', -999, 'No spacebar', 'No timing', 'Na', 'Na', 'Na', 56, 16]"
2008_006841.jpg,"[' sofa', ' chair', ' person', nan, nan, 30.035339131799997, 'high', ' sofa', nan, 'No Target', 'Normal', 'No tone', -999, 'No spacebar', 'No timing', 'Na', 'Na', 'Na', 58, 10]"
2010_004423.jpg,"[' aeroplane', nan, nan, nan, nan, 29.739677956100003, 'high', ' aeroplane', nan, 'No Target', 'Normal', 'No tone', -999, 'No spacebar', 'No timing', 'Na', 'Na', 'Na', 45, 11]"
2008_004624.jpg,"[' horse', nan, nan, nan, nan, 13.8796340974, 'low', ' horse', nan, 'No Target', 'Normal', 'No tone', -999, 'No spacebar', 'No timing', 'Na', 'Na', 'Na', 51, 12]"
2008_002372.jpg,"[' bottle', nan, nan, nan, nan, 14.593336877300001, 'low', ' bottle', nan, 'No Target', 'Normal', 'No tone', -999, 'No spacebar', 'No timing', 'Na', 'Na', 'Na', 16, 9]"
2008_000115.jpg,"[' chair', ' cat', nan, nan, nan, 17.570654057999999, 'low', ' chair', nan, 'No Target', 'Critical', 'tone2', 41, 'No spacebar', 'No timing', 'Na', 'Na', 'Na', 26, 15]"
2008_000705.jpg,"[' person', ' bottle', nan, nan, nan, 30.958055456100002, 'high', ' bottle', nan, 'No Target', 'Normal', 'No tone', -999, 'No spacebar', 'No timing', 'Na', 'Na', 'Na', 25, 16]"
2009_002374.jpg,"[' chair', nan, nan, nan, nan, 20.1385595655, 'low', ' chair', nan, 'No Target', 'Critical', 'tone1', 280, 'No spacebar', 'No timing', 'Na', 'Na', 'Na', 32, 12]"
2008_000183.jpg,"[' dog', nan, nan, nan, nan, 19.755286187199999, 'low', ' dog', nan, 'No Target', 'Normal', 'No tone', -999, 'No spacebar', 'No timing', 'Na', 'Na', 'Na', 0, 12]"
2010_001159.jpg,"[' bird', nan, nan, nan, nan, 14.3433467925, 'low', ' bird', nan, 'No Target', 'Normal', 'No tone', -999, 'No spacebar', 'No timing', 'Na', 'Na', 'Na', 38, 9]"
2008_006870.jpg,"[' person', ' dog', nan, nan, nan, 30.657341600399999, 'high', ' dog', ' bottle', 'Target Absent', 'Normal', 'No tone', -999, 'No spacebar', 'No timing', 'p', 2.419, -999, 40, 13]"
2010_001829.jpg,"[' horse', nan, nan, nan, nan, 19.2344013367, 'low', ' horse', nan, 'No Target', 'Normal', 'No tone', -999, 'No spacebar', 'No timing', 'Na', 'Na', 'Na', 30, 9]"
2008_002037.jpg,"[' person', ' dog', nan, nan, nan, 30.202035831100002, 'high', ' dog', ' dog', 'Target Present', 'Normal', 'No tone', -999, 'No spacebar', 'No timing', 'p', 2.324, -999, 23, 16]"
2010_006023.jpg,"[' aeroplane', nan, nan, nan, nan, 12.536572784100001, 'low', ' aeroplane', nan, 'No Target', 'Normal', 'No tone', -999, 'space', 0.39857387958909385, 'Na', 'Na', 'Na', 33, 12]"
2009_004262.jpg,"[' horse', nan, nan, nan, nan, 19.764836408200001, 'low', ' horse', nan, 'No Target', 'Normal', 'No tone', -999, 'No spacebar', 'No timing', 'Na', 'Na', 'Na', 59, 9]"
2008_002864.jpg,"[' person', ' diningtable', ' bottle', nan, nan, 36.485055513299997, 'high', ' bottle', nan, 'No Target', 'Normal', 'No tone', -999, 'No spacebar', 'No timing', 'Na', 'Na', 'Na', 41, 11]"
2009_002998.jpg,"[' sofa', nan, nan, nan, nan, 20.956307286199998, 'low', ' sofa', nan, 'No Target', 'Normal', 'No tone', -999, 'No spacebar', 'No timing', 'Na', 'Na', 'Na', 53, 15]"
2009_000629.jpg,"[' tvmonitor', ' chair', nan, nan, nan, 34.776343714500001, 'high', ' chair', ' dog', 'Target Absent', 'Critical', 'tone2', 471, 'space', 1.0360108086606488, 'p', 2.238, -999, 19, 10]"
2011_000514.jpg,"[' pottedplant', nan, nan, nan, nan, 18.031537449400002, 'low', ' pottedplant', nan, 'No Target', 'Normal', 'No tone', -999, 'No spacebar', 'No timing', 'Na', 'Na', 'Na', 44, 12]"
2008_001278.jpg,"[' person', ' horse', nan, nan, nan, 32.480531856799999, 'high', ' horse', nan, 'No Target', 'Normal', 'No tone', -999, 'No spacebar', 'No timing', 'Na', 'Na', 'Na', 35, 11]"
2008_008470.jpg,"[' sofa', ' chair', ' diningtable', nan, nan, 30.346694199499996, 'high', ' chair', nan, 'No Target', 'Normal', 'No tone', -999, 'No spacebar', 'No timing', 'Na', 'Na', 'Na', 6, 10]"
2008_000740.jpg,"[' person', nan, nan, nan, nan, 21.010712717400001, 'low', ' person', ' person', 'Target Present', 'Normal', 'No tone', -999, 'No spacebar', 'No timing', 'q', 2.169, -999, 45, 14]"
2010_005391.jpg,"[' dog', nan, nan, nan, nan, 18.608803704700001, 'low', ' dog', ' dog', 'Target Present', 'Normal', 'No tone', -999, 'No spacebar', 'No timing', 'q', 2.219, -999, 29, 14]"
2008_000928.jpg,"[' person', nan, nan, nan, nan, 30.996977820799998, 'high', ' person', nan, 'No Target', 'Normal', 'No tone', -999, 'No spacebar', 'No timing', 'Na', 'Na', 'Na', 0, 11]"
2009_004154.jpg,"[' person', ' chair', ' diningtable', ' bottle', nan, 29.6229142798, 'high', ' bottle', ' pottedplant', 'Target Absent', 'Normal', 'No tone', -999, 'No spacebar', 'No timing', 'p', 2.223, -999, 7, 10]"
2011_002911.jpg,"[' bottle', ' dog', ' diningtable', nan, nan, 21.034646910899998, 'low', ' bottle', nan, 'No Target', 'Critical', 'tone2', 530, 'space', 1.2712408461957239, 'Na', 'Na', 'Na', 48, 14]"
2009_002803.jpg,"[' dog', nan, nan, nan, nan, 20.194433628700001, 'low', ' dog', ' person', 'Target Absent', 'Normal', 'No tone', -999, 'No spacebar', 'No timing', 'p', 2.082, -999, 41, 12]"
2008_003587.jpg,"[' person', ' dog', nan, nan, nan, 19.793376112600001, 'low', ' person', nan, 'No Target', 'Normal', 'No tone', -999, 'No spacebar', 'No timing', 'Na', 'Na', 'Na', 30, 12]"
2008_001210.jpg,"[' cat', nan, nan, nan, nan, 29.2469761744, 'high', ' cat', nan, 'No Target', 'Normal', 'No tone', -999, 'No spacebar', 'No timing', 'Na', 'Na', 'Na', 16, 10]"
2010_003453.jpg,"[' car', nan, nan, nan, nan, 17.731696099499999, 'low', ' car', nan, 'No Target', 'Normal', 'No tone', -999, 'No spacebar', 'No timing', 'Na', 'Na', 'Na', 49, 9]"
2011_001432.jpg,"[' bird', nan, nan, nan, nan, 19.735592352699999, 'low', ' bird', nan, 'No Target', 'Normal', 'No tone', -999, 'No spacebar', 'No timing', 'Na', 'Na', 'Na', 19, 14]"
2008_000541.jpg,"[' person', ' sofa', nan, nan, nan, 29.639010239099999, 'high', ' person', nan, 'No Target', 'Normal', 'No tone', -999, 'No spacebar', 'No timing', 'Na', 'Na', 'Na', 5, 16]"
2009_004225.jpg,"[' cat', nan, nan, nan, nan, 12.729033444700001, 'low', ' cat', nan, 'No Target', 'Normal', 'No tone', -999, 'No spacebar', 'No timing', 'Na', 'Na', 'Na', 28, 9]"
2010_005101.jpg,"[' aeroplane', nan, nan, nan, nan, 13.350033322, 'low', ' aeroplane', nan, 'No Target', 'Normal', 'No tone', -999, 'No spacebar', 'No timing', 'Na', 'Na', 'Na', 57, 9]"
2008_000112.jpg,"[' bottle', ' cat', nan, nan, nan, 21.259829756400002, 'low', ' bottle', nan, 'No Target', 'Normal', 'No tone', -999, 'No spacebar', 'No timing', 'Na', 'Na', 'Na', 43, 15]"
2008_004482.jpg,"[' person', ' bicycle', ' car', nan, nan, 30.8916722198, 'high', ' person', nan, 'No Target', 'Normal', 'No tone', -999, 'No spacebar', 'No timing', 'Na', 'Na', 'Na', 42, 11]"
2009_005044.jpg,"[' bottle', nan, nan, nan, nan, 15.713624833399999, 'low', ' bottle', nan, 'No Target', 'Normal', 'No tone', -999, 'No spacebar', 'No timing', 'Na', 'Na', 'Na', 28, 14]"
2008_005735.jpg,"[' cat', nan, nan, nan, nan, 13.6859936467, 'low', ' cat', ' chair', 'Target Absent', 'Normal', 'No tone', -999, 'No spacebar', 'No timing', 'p', 2.036, -999, 11, 15]"
2008_004270.jpg,"[' person', ' sofa', nan, nan, nan, 19.2440358751, 'low', ' sofa', nan, 'No Target', 'Critical', 'tone2', 148, 'space', 0.8552733839605935, 'Na', 'Na', 'Na', 53, 12]"
2008_000912.jpg,"[' horse', nan, nan, nan, nan, 18.5058834477, 'low', ' horse', nan, 'No Target', 'Normal', 'No tone', -999, 'No spacebar', 'No timing', 'Na', 'Na', 'Na', 28, 12]"
2010_001434.jpg,"[' sofa', ' chair', nan, nan, nan, 31.260540003300001, 'high', ' sofa', nan, 'No Target', 'Normal', 'No tone', -999, 'No spacebar', 'No timing', 'Na', 'Na', 'Na', 46, 10]"
2009_004283.jpg,"[' pottedplant', ' sofa', nan, nan, nan, 29.042488868099998, 'high', ' sofa', nan, 'No Target', 'Normal', 'No tone', -999, 'No spacebar', 'No timing', 'Na', 'Na', 'Na', 21, 11]"
2011_002260.jpg,"[' chair', nan, nan, nan, nan, 30.096920358400002, 'high', ' chair', nan, 'No Target', 'Normal', 'No tone', -999, 'No spacebar', 'No timing', 'Na', 'Na', 'Na', 0, 10]"
2008_002379.jpg,"[' pottedplant', ' chair', ' diningtable', nan, nan, 17.138576050000001, 'low', ' pottedplant', nan, 'No Target', 'Normal', 'No tone', -999, 'No spacebar', 'No timing', 'Na', 'Na', 'Na', 54, 12]"
2010_002775.jpg,"[' dog', nan, nan, nan, nan, 29.777840581700001, 'high', ' dog', nan, 'No Target', 'Normal', 'No tone', -999, 'No spacebar', 'No timing', 'Na', 'Na', 'Na', 50, 16]"
2010_003890.jpg,"[' horse', nan, nan, nan, nan, 19.803898838399999, 'low', ' horse', nan, 'No Target', 'Normal', 'No tone', -999, 'No spacebar', 'No timing', 'Na', 'Na', 'Na', 2, 15]"
2009_002697.jpg,"[' horse', nan, nan, nan, nan, 19.789006070999999, 'low', ' horse', nan, 'No Target', 'Normal', 'No tone', -999, 'No spacebar', 'No timing', 'Na', 'Na', 'Na', 41, 9]"
2009_004849.jpg,"[' person', ' chair', ' motorbike', nan, nan, 31.774239269899997, 'high', ' chair', nan, 'No Target', 'Normal', 'No tone', -999, 'No spacebar', 'No timing', 'Na', 'Na', 'Na', 45, 13]"
2011_001198.jpg,"[' sofa', ' dog', nan, nan, nan, 16.6984985954, 'low', ' sofa', ' bird', 'Target Absent', 'Normal', 'No tone', -999, 'No spacebar', 'No timing', 'p', 2.036, -999, 25, 9]"
2010_000536.jpg,"[' cat', nan, nan, nan, nan, 31.5416643744, 'high', ' cat', nan, 'No Target', 'Normal', 'No tone', -999, 'No spacebar', 'No timing', 'Na', 'Na', 'Na', 56, 10]"
2008_005728.jpg,"[' dog', nan, nan, nan, nan, 19.890088651599999, 'low', ' dog', nan, 'No Target', 'Normal', 'No tone', -999, 'No spacebar', 'No timing', 'Na', 'Na', 'Na', 23, 12]"
2008_000833.jpg,"[' car', ' boat', ' person', nan, nan, 32.7592674188, 'high', ' boat', nan, 'No Target', 'Normal', 'No tone', -999, 'No spacebar', 'No timing', 'Na', 'Na', 'Na', 7, 13]"
2008_007048.jpg,"[' chair', ' diningtable', nan, nan, nan, 20.017308322999998, 'low', ' chair', nan, 'No Target', 'Normal', 'No tone', -999, 'No spacebar', 'No timing', 'Na', 'Na', 'Na', 2, 12]"
2008_007704.jpg,"[' chair', ' diningtable', ' bottle', nan, nan, 20.0381198786, 'low', ' bottle', nan, 'No Target', 'Normal', 'No tone', -999, 'No spacebar', 'No timing', 'Na', 'Na', 'Na', 39, 12]"
2010_003419.jpg,"[' bird', nan, nan, nan, nan, 28.6670652044, 'high', ' bird', nan, 'No Target', 'Normal', 'No tone', -999, 'No spacebar', 'No timing', 'Na', 'Na', 'Na', 47, 11]"
2010_003746.jpg,"[' car', ' dog', ' person', nan, nan, 21.020159211399999, 'low', ' car', nan, 'No Target', 'Critical', 'tone1', 564, 'No spacebar', 'No timing', 'Na', 'Na', 'Na', 30, 14]"
2011_001139.jpg,"[' chair', ' bird', ' diningtable', nan, nan, 29.361755720300003, 'high', ' bird', nan, 'No Target', 'Normal', 'No tone', -999, 'No spacebar', 'No timing', 'Na', 'Na', 'Na', 43, 13]"
2009_001568.jpg,"[' dog', nan, nan, nan, nan, 17.102590259199999, 'low', ' dog', nan, 'No Target', 'Normal', 'No tone', -999, 'No spacebar', 'No timing', 'Na', 'Na', 'Na', 10, 12]"
2010_000750.jpg,"[' pottedplant', nan, nan, nan, nan, 11.902212339, 'low', ' pottedplant', ' pottedplant', 'Target Present', 'Normal', 'No tone', -999, 'No spacebar', 'No timing', 'q', 1.997, -999, 35, 12]"
2010_000792.jpg,"[' person', ' bottle', nan, nan, nan, 29.276302306599998, 'high', ' bottle', nan, 'No Target', 'Normal', 'No tone', -999, 'No spacebar', 'No timing', 'Na', 'Na', 'Na', 32, 16]"
2010_002183.jpg,"[' person', ' horse', nan, nan, nan, 34.557577168599998, 'high', ' horse', nan, 'No Target', 'Normal', 'No tone', -999, 'No spacebar', 'No timing', 'Na', 'Na', 'Na', 27, 16]"
2009_003338.jpg,"[' person', ' horse', nan, nan, nan, 30.130898028600001, 'high', ' horse', nan, 'No Target', 'Normal', 'No tone', -999, 'No spacebar', 'No timing', 'Na', 'Na', 'Na', 51, 11]"
2008_001479.jpg,"[' dog', nan, nan, nan, nan, 13.411221053399998, 'low', ' dog', nan, 'No Target', 'Critical', 'tone2', 368, 'No spacebar', 'No timing', 'Na', 'Na', 'Na', 42, 9]"
2008_004814.jpg,"[' person', ' bottle', nan, nan, nan, 19.869099247400001, 'low', ' bottle', nan, 'No Target', 'Normal', 'No tone', -999, 'No spacebar', 'No timing', 'Na', 'Na', 'Na', 48, 12]"
2008_000105.jpg,"[' car', nan, nan, nan, nan, 19.453167354600001, 'low', ' car', nan, 'No Target', 'Normal', 'No tone', -999, 'No spacebar', 'No timing', 'Na', 'Na', 'Na', 24, 12]"
2008_006121.jpg,"[' person', ' boat', nan, nan, nan, 30.384187271399998, 'high', ' boat', nan, 'No Target', 'Normal', 'No tone', -999, 'No spacebar', 'No timing', 'Na', 'Na', 'Na', 40, 10]"
2010_005996.jpg,"[' pottedplant', ' person', ' train', nan, nan, 29.106006376, 'high', ' pottedplant', nan, 'No Target', 'Normal', 'No tone', -999, 'No spacebar', 'No timing', 'Na', 'Na', 'Na', 25, 11]"
2008_001617.jpg,"[' person', ' chair', nan, nan, nan, 20.224139544500002, 'low', ' person', nan, 'No Target', 'Normal', 'No tone', -999, 'No spacebar', 'No timing', 'Na', 'Na', 'Na', 43, 12]"
2009_001782.jpg,"[' car', nan, nan, nan, nan, 18.874156232400001, 'low', ' car', ' bottle', 'Target Absent', 'Normal', 'No tone', -999, 'No spacebar', 'No timing', 'p', 1.961, -999, 3, 14]"
2010_003490.jpg,"[' horse', nan, nan, nan, nan, 31.514885822899998, 'high', ' horse', nan, 'No Target', 'Critical', 'tone1', 476, 'No spacebar', 'No timing', 'Na', 'Na', 'Na', 12, 11]"
2010_004425.jpg,"[' sofa', ' cat', nan, nan, nan, 18.288477341900002, 'low', ' sofa', ' cat', 'Target Absent', 'Normal', 'No tone', -999, 'No spacebar', 'No timing', 'q', 2.026, -999, 56, 14]"
2008_005519.jpg,"[' pottedplant', ' person', ' chair', ' diningtable', nan, 31.520687613899998, 'high', ' pottedplant', nan, 'No Target', 'Normal', 'No tone', -999, 'No spacebar', 'No timing', 'Na', 'Na', 'Na', 43, 11]"
2010_005608.jpg,"[' bird', nan, nan, nan, nan, 29.272654602500001, 'high', ' bird', ' cat', 'Target Absent', 'Critical', 'tone1', 930, 'No spacebar', 'No timing', 'p', 1.965, -999, 11, 16]"
2008_001542.jpg,"[' horse', nan, nan, nan, nan, 18.414255754399999, 'low', ' horse', nan, 'No Target', 'Critical', 'tone1', 467, 'space', 1.2781961124856025, 'Na', 'Na', 'Na', 52, 9]"
2010_002283.jpg,"[' horse', nan, nan, nan, nan, 18.057825283900002, 'low', ' horse', nan, 'No Target', 'Normal', 'No tone', -999, 'No spacebar', 'No timing', 'Na', 'Na', 'Na', 8, 12]"
2008_005345.jpg,"[' pottedplant', nan, nan, nan, nan, 16.520476370800001, 'low', ' pottedplant', ' sofa', 'Target Absent', 'Critical', 'tone1', 280, 'No spacebar', 'No timing', 'p', 2.156, -999, 46, 9]"
2010_005885.jpg,"[' dog', nan, nan, nan, nan, 20.0746861318, 'low', ' dog', nan, 'No Target', 'Normal', 'No tone', -999, 'No spacebar', 'No timing', 'Na', 'Na', 'Na', 21, 15]"
2009_003993.jpg,"[' bird', nan, nan, nan, nan, 20.7578853634, 'low', ' bird', nan, 'No Target', 'Normal', 'No tone', -999, 'No spacebar', 'No timing', 'Na', 'Na', 'Na', 10, 15]"
2010_001586.jpg,"[' person', ' train', ' sofa', nan, nan, 31.651156442800001, 'high', ' sofa', nan, 'No Target', 'Normal', 'No tone', -999, 'No spacebar', 'No timing', 'Na', 'Na', 'Na', 44, 10]"
2008_003283.jpg,"[' person', ' horse', nan, nan, nan, 30.0880459272, 'high', ' horse', nan, 'No Target', 'Normal', 'No tone', -999, 'No spacebar', 'No timing', 'Na', 'Na', 'Na', 6, 16]"
2010_002956.jpg,"[' bottle', nan, nan, nan, nan, 16.598874860799999, 'low', ' bottle', nan, 'No Target', 'Normal', 'No tone', -999, 'No spacebar', 'No timing', 'Na', 'Na', 'Na', 37, 12]"
2011_000434.jpg,"[' sofa', ' person', ' tvmonitor', nan, nan, 31.149256416500002, 'high', ' sofa', nan, 'No Target', 'Normal', 'No tone', -999, 'No spacebar', 'No timing', 'Na', 'Na', 'Na', 18, 13]"
2009_002439.jpg,"[' person', ' cat', nan, nan, nan, 20.139877805200001, 'low', ' person', nan, 'No Target', 'Normal', 'No tone', -999, 'space', 0.025836208573309705, 'Na', 'Na', 'Na', 42, 14]"
2008_004042.jpg,"[' bird', nan, nan, nan, nan, 31.397027824200002, 'high', ' bird', ' sofa', 'Target Absent', 'Normal', 'No tone', -999, 'No spacebar', 'No timing', 'p', 2.042, -999, 30, 13]"
2008_001694.jpg,"[' pottedplant', ' sofa', ' chair', nan, nan, 18.5118878018, 'low', ' pottedplant', ' cat', 'Target Absent', 'Normal', 'No tone', -999, 'No spacebar', 'No timing', 'p', 1.984, -999, 56, 15]"
2008_004661.jpg,"[' pottedplant', ' sofa', ' chair', ' diningtable', ' tvmonitor', 29.2474832664, 'high', ' pottedplant', nan, 'No Target', 'Normal', 'No tone', -999, 'No spacebar', 'No timing', 'Na', 'Na', 'Na', 7, 11]"
2010_005437.jpg,"[' car', nan, nan, nan, nan, 20.4871667265, 'low', ' car', nan, 'No Target', 'Normal', 'No tone', -999, 'No spacebar', 'No timing', 'Na', 'Na', 'Na', 51, 9]"
2008_000860.jpg,"[' cat', nan, nan, nan, nan, 29.4014511321, 'high', ' cat', nan, 'No Target', 'Critical', 'tone2', 29, 'No spacebar', 'No timing', 'Na', 'Na', 'Na', 26, 10]"
2008_005845.jpg,"[' dog', nan, nan, nan, nan, 28.961816980799998, 'high', ' dog', nan, 'No Target', 'Normal', 'No tone', -999, 'No spacebar', 'No timing', 'Na', 'Na', 'Na', 38, 10]"
2009_000919.jpg,"[' boat', nan, nan, nan, nan, 19.253519599899999, 'low', ' boat', nan, 'No Target', 'Normal', 'No tone', -999, 'No spacebar', 'No timing', 'Na', 'Na', 'Na', 40, 12]"
2011_000070.jpg,"[' sofa', nan, nan, nan, nan, 16.900856696800002, 'low', ' sofa', nan, 'No Target', 'Normal', 'No tone', -999, 'No spacebar', 'No timing', 'Na', 'Na', 'Na', 16, 14]"
2010_002498.jpg,"[' person', ' boat', nan, nan, nan, 17.997748470099999, 'low', ' boat', ' aeroplane', 'Target Absent', 'Normal', 'No tone', -999, 'No spacebar', 'No timing', 'p', 2.145, -999, 36, 9]"
2008_002789.jpg,"[' person', ' chair', ' diningtable', ' bottle', nan, 33.823550114299998, 'high', ' chair', nan, 'No Target', 'Normal', 'No tone', -999, 'No spacebar', 'No timing', 'Na', 'Na', 'Na', 11, 13]"
2008_005869.jpg,"[' person', ' bottle', nan, nan, nan, 17.242843490799999, 'low', ' bottle', nan, 'No Target', 'Normal', 'No tone', -999, 'No spacebar', 'No timing', 'Na', 'Na', 'Na', 51, 14]"
2008_008681.jpg,"[' car', ' train', nan, nan, nan, 30.208842852199997, 'high', ' car', nan, 'No Target', 'Normal', 'No tone', -999, 'No spacebar', 'No timing', 'Na', 'Na', 'Na', 24, 16]"
2010_002379.jpg,"[' pottedplant', nan, nan, nan, nan, 19.895720118, 'low', ' pottedplant', nan, 'No Target', 'Normal', 'No tone', -999, 'No spacebar', 'No timing', 'Na', 'Na', 'Na', 45, 12]"
2008_005750.jpg,"[' aeroplane', nan, nan, nan, nan, 29.201869461199998, 'high', ' aeroplane', nan, 'No Target', 'Normal', 'No tone', -999, 'No spacebar', 'No timing', 'Na', 'Na', 'Na', 18, 10]"
2009_002521.jpg,"[' bottle', nan, nan, nan, nan, 20.832521553299998, 'low', ' bottle', nan, 'No Target', 'Normal', 'No tone', -999, 'No spacebar', 'No timing', 'Na', 'Na', 'Na', 17, 12]"
2008_002350.jpg,"[' bird', nan, nan, nan, nan, 29.814920313600002, 'high', ' bird', ' bird', 'Target Present', 'Normal', 'No tone', -999, 'No spacebar', 'No timing', 'q', 2.03, -999, 33, 13]"
2010_000616.jpg,"[' cat', nan, nan, nan, nan, 18.135096838900001, 'low', ' cat', nan, 'No Target', 'Normal', 'No tone', -999, 'No spacebar', 'No timing', 'Na', 'Na', 'Na', 31, 15]"
2008_001238.jpg,"[' sofa', ' dog', nan, nan, nan, 21.0012272781, 'low', ' sofa', nan, 'No Target', 'Critical', 'tone2', 227, 'No spacebar', 'No timing', 'Na', 'Na', 'Na', 3, 9]"
2009_002325.jpg,"[' sofa', ' chair', nan, nan, nan, 19.836491630200001, 'low', ' sofa', nan, 'No Target', 'Normal', 'No tone', -999, 'No spacebar', 'No timing', 'Na', 'Na', 'Na', 7, 14]"
2008_007913.jpg,"[' person', ' cat', nan, nan, nan, 32.265109082999999, 'high', ' cat', nan, 'No Target', 'Normal', 'No tone', -999, 'No spacebar', 'No timing', 'Na', 'Na', 'Na', 53, 10]"
2008_007143.jpg,"[' boat', nan, nan, nan, nan, 33.494613420299999, 'high', ' boat', nan, 'No Target', 'Normal', 'No tone', -999, 'No spacebar', 'No timing', 'Na', 'Na', 'Na', 43, 16]"
2009_001975.jpg,"[' pottedplant', nan, nan, nan, nan, 17.493023991600001, 'low', ' pottedplant', nan, 'No Target', 'Normal', 'No tone', -999, 'No spacebar', 'No timing', 'Na', 'Na', 'Na', 48, 15]"
2008_000952.jpg,"[' car', nan, nan, nan, nan, 19.7592559984, 'low', ' car', ' car', 'Target Present', 'Normal', 'No tone', -999, 'No spacebar', 'No timing', 'q', 1.945, -999, 9, 14]"
2010_001988.jpg,"[' bird', nan, nan, nan, nan, 15.2538714929, 'low', ' bird', nan, 'No Target', 'Normal', 'No tone', -999, 'No spacebar', 'No timing', 'Na', 'Na', 'Na', 36, 15]"
2008_007527.jpg,"[' tvmonitor', ' chair', nan, nan, nan, 32.384814141599996, 'high', ' chair', nan, 'No Target', 'Normal', 'No tone', -999, 'No spacebar', 'No timing', 'Na', 'Na', 'Na', 30, 10]"
2009_004779.jpg,"[' cat', nan, nan, nan, nan, 19.096252345699998, 'low', ' cat', nan, 'No Target', 'Normal', 'No tone', -999, 'No spacebar', 'No timing', 'Na', 'Na', 'Na', 20, 12]"
2011_001886.jpg,"[' boat', nan, nan, nan, nan, 19.685752299800001, 'low', ' boat', ' bird', 'Target Absent', 'Normal', 'No tone', -999, 'No spacebar', 'No timing', 'p', 2.018, -999, 10, 14]"
2008_003844.jpg,"[' car', ' motorbike', ' person', nan, nan, 31.408721955400001, 'high', ' car', ' car', 'Target Present', 'Normal', 'No tone', -999, 'No spacebar', 'No timing', 'p', 1.944, -999, 14, 10]"
2009_002711.jpg,"[' car', ' person', nan, nan, nan, 17.856305662099999, 'low', ' car', nan, 'No Target', 'Normal', 'No tone', -999, 'No spacebar', 'No timing', 'Na', 'Na', 'Na', 33, 14]"
2008_000191.jpg,"[' person', ' bicycle', ' boat', nan, nan, 34.319051607799999, 'high', ' boat', nan, 'No Target', 'Critical', 'tone1', 371, 'No spacebar', 'No timing', 'Na', 'Na', 'Na', 1, 10]"
2011_002453.jpg,"[' pottedplant', nan, nan, nan, nan, 19.2497613741, 'low', ' pottedplant', nan, 'No Target', 'Normal', 'No tone', -999, 'No spacebar', 'No timing', 'Na', 'Na', 'Na', 38, 12]"
