2008_007091.jpg,"[' sofa', ' person', nan, nan, nan, 31.051868344899997, 'high', ' sofa', nan, 'No Target', 'Normal', 'No tone', -999L]"
2008_004412.jpg,"[' chair', nan, nan, nan, nan, 20.4132537158, 'low', ' chair', ' chair', 'Target Present', 'Normal', 'No tone', -999L]"
2008_007274.jpg,"[' dog', nan, nan, nan, nan, 16.6933725717, 'low', ' dog', nan, 'No Target', 'Normal', 'No tone', -999L]"
2010_003329.jpg,"[' bottle', nan, nan, nan, nan, 20.9657753219, 'low', ' bottle', nan, 'No Target', 'Normal', 'No tone', -999L]"
2011_001624.jpg,"[' aeroplane', nan, nan, nan, nan, 20.5598624568, 'low', ' aeroplane', nan, 'No Target', 'Normal', 'No tone', -999L]"
2008_003709.jpg,"[' sofa', nan, nan, nan, nan, 15.7792493869, 'low', ' sofa', nan, 'No Target', 'Critical', 'tone2', 672L]"
2008_001098.jpg,"[' person', nan, nan, nan, nan, 15.903696109, 'low', ' person', nan, 'No Target', 'Normal', 'No tone', -999L]"
2008_000697.jpg,"[' bird', nan, nan, nan, nan, 32.065095855500005, 'high', ' bird', nan, 'No Target', 'Normal', 'No tone', -999L]"
2009_003802.jpg,"[' car', ' bicycle', ' motorbike', nan, nan, 29.678013923, 'high', ' car', nan, 'No Target', 'Critical', 'tone2', 746L]"
2011_001656.jpg,"[' horse', nan, nan, nan, nan, 19.1565474203, 'low', ' horse', nan, 'No Target', 'Normal', 'No tone', -999L]"
2008_005673.jpg,"[' cat', nan, nan, nan, nan, 18.6869051047, 'low', ' cat', nan, 'No Target', 'Normal', 'No tone', -999L]"
2009_002571.jpg,"[' pottedplant', ' sofa', ' chair', ' diningtable', nan, 28.9684650575, 'high', ' sofa', nan, 'No Target', 'Normal', 'No tone', -999L]"
2008_003449.jpg,"[' boat', nan, nan, nan, nan, 34.708650155, 'high', ' boat', nan, 'No Target', 'Normal', 'No tone', -999L]"
2009_003084.jpg,"[' boat', nan, nan, nan, nan, 20.0747158726, 'low', ' boat', nan, 'No Target', 'Normal', 'No tone', -999L]"
2008_003180.jpg,"[' dog', nan, nan, nan, nan, 31.5378571257, 'high', ' dog', nan, 'No Target', 'Normal', 'No tone', -999L]"
2010_005718.jpg,"[' car', ' aeroplane', nan, nan, nan, 32.2245207666, 'high', ' aeroplane', nan, 'No Target', 'Normal', 'No tone', -999L]"
2008_007423.jpg,"[' bird', nan, nan, nan, nan, 33.647398005599996, 'high', ' bird', ' bird', 'Target Present', 'Normal', 'No tone', -999L]"
2008_006481.jpg,"[' bird', ' boat', nan, nan, nan, 29.314233598, 'high', ' bird', nan, 'No Target', 'Normal', 'No tone', -999L]"
2008_002704.jpg,"[' car', nan, nan, nan, nan, 19.4399393846, 'low', ' car', nan, 'No Target', 'Normal', 'No tone', -999L]"
2011_002241.jpg,"[' chair', ' diningtable', nan, nan, nan, 18.1178027951, 'low', ' chair', nan, 'No Target', 'Normal', 'No tone', -999L]"
2011_001649.jpg,"[' person', ' chair', nan, nan, nan, 34.7071708095, 'high', ' chair', nan, 'No Target', 'Normal', 'No tone', -999L]"
2011_002814.jpg,"[' sofa', ' bottle', ' pottedplant', ' tvmonitor', ' chair', 33.9377756239, 'high', ' pottedplant', nan, 'No Target', 'Normal', 'No tone', -999L]"
2008_004614.jpg,"[' car', ' bus', ' person', nan, nan, 31.3051357692, 'high', ' car', nan, 'No Target', 'Normal', 'No tone', -999L]"
2008_000839.jpg,"[' cat', nan, nan, nan, nan, 16.4561012422, 'low', ' cat', nan, 'No Target', 'Normal', 'No tone', -999L]"
2008_004188.jpg,"[' person', ' dog', nan, nan, nan, 37.0063872622, 'high', ' dog', nan, 'No Target', 'Normal', 'No tone', -999L]"
2008_007043.jpg,"[' sofa', ' person', nan, nan, nan, 33.2795823558, 'high', ' sofa', nan, 'No Target', 'Normal', 'No tone', -999L]"
2008_001185.jpg,"[' bird', nan, nan, nan, nan, 18.5230242662, 'low', ' bird', nan, 'No Target', 'Normal', 'No tone', -999L]"
2011_000824.jpg,"[' cat', nan, nan, nan, nan, 31.7798588195, 'high', ' cat', nan, 'No Target', 'Critical', 'tone2', 256L]"
2008_005123.jpg,"[' dog', nan, nan, nan, nan, 19.5706622561, 'low', ' dog', ' person', 'Target Absent', 'Normal', 'No tone', -999L]"
2008_003461.jpg,"[' person', ' horse', nan, nan, nan, 30.92721034, 'high', ' horse', nan, 'No Target', 'Normal', 'No tone', -999L]"
2008_003755.jpg,"[' car', ' dog', ' person', nan, nan, 29.7635521346, 'high', ' person', ' person', 'Target Present', 'Normal', 'No tone', -999L]"
2009_002749.jpg,"[' bottle', nan, nan, nan, nan, 20.963643076300002, 'low', ' bottle', nan, 'No Target', 'Normal', 'No tone', -999L]"
2009_003530.jpg,"[' person', ' horse', nan, nan, nan, 20.5294514772, 'low', ' person', ' car', 'Target Absent', 'Normal', 'No tone', -999L]"
2008_005600.jpg,"[' person', ' cat', nan, nan, nan, 30.2265163794, 'high', ' cat', nan, 'No Target', 'Normal', 'No tone', -999L]"
2009_000488.jpg,"[' pottedplant', ' tvmonitor', ' cat', nan, nan, 31.6704471984, 'high', ' cat', nan, 'No Target', 'Normal', 'No tone', -999L]"
2011_000293.jpg,"[' car', nan, nan, nan, nan, 9.15639028616, 'low', ' car', nan, 'No Target', 'Normal', 'No tone', -999L]"
2008_002773.jpg,"[' aeroplane', ' boat', nan, nan, nan, 29.2873494446, 'high', ' aeroplane', nan, 'No Target', 'Critical', 'tone2', 841L]"
2011_001335.jpg,"[' person', ' horse', nan, nan, nan, 33.3349724687, 'high', ' horse', nan, 'No Target', 'Normal', 'No tone', -999L]"
2009_003209.jpg,"[' dog', nan, nan, nan, nan, 18.9815982303, 'low', ' dog', ' horse', 'Target Absent', 'Normal', 'No tone', -999L]"
2008_003805.jpg,"[' person', ' horse', nan, nan, nan, 29.8753620717, 'high', ' horse', nan, 'No Target', 'Normal', 'No tone', -999L]"
2008_005347.jpg,"[' chair', ' bottle', nan, nan, nan, 30.4248738873, 'high', ' chair', nan, 'No Target', 'Normal', 'No tone', -999L]"
2010_001118.jpg,"[' bus', ' car', nan, nan, nan, 39.1163173722, 'high', ' car', nan, 'No Target', 'Normal', 'No tone', -999L]"
2008_000488.jpg,"[' pottedplant', ' car', nan, nan, nan, 30.6126931776, 'high', ' car', ' chair', 'Target Absent', 'Normal', 'No tone', -999L]"
2008_000734.jpg,"[' person', ' sofa', nan, nan, nan, 20.185339334400002, 'low', ' sofa', nan, 'No Target', 'Normal', 'No tone', -999L]"
2010_001939.jpg,"[' tvmonitor', ' diningtable', ' cat', nan, nan, 29.8429225027, 'high', ' cat', nan, 'No Target', 'Normal', 'No tone', -999L]"
2011_001221.jpg,"[' pottedplant', ' person', ' chair', ' diningtable', ' boat', 35.3836335373, 'high', ' pottedplant', nan, 'No Target', 'Normal', 'No tone', -999L]"
2008_004670.jpg,"[' sofa', ' chair', nan, nan, nan, 32.35147421, 'high', ' chair', ' chair', 'Target Present', 'Normal', 'No tone', -999L]"
2009_003373.jpg,"[' sofa', ' tvmonitor', nan, nan, nan, 15.574047189200002, 'low', ' sofa', nan, 'No Target', 'Normal', 'No tone', -999L]"
2008_006703.jpg,"[' aeroplane', nan, nan, nan, nan, 20.8854366041, 'low', ' aeroplane', nan, 'No Target', 'Normal', 'No tone', -999L]"
2011_000548.jpg,"[' bird', ' cow', nan, nan, nan, 30.961221004099997, 'high', ' bird', nan, 'No Target', 'Normal', 'No tone', -999L]"
2011_002558.jpg,"[' person', ' boat', nan, nan, nan, 16.146154778, 'low', ' boat', nan, 'No Target', 'Critical', 'tone2', 305L]"
2010_003579.jpg,"[' chair', ' cat', nan, nan, nan, 29.798629151999997, 'high', ' cat', nan, 'No Target', 'Normal', 'No tone', -999L]"
2011_001880.jpg,"[' aeroplane', nan, nan, nan, nan, 32.2027640207, 'high', ' aeroplane', nan, 'No Target', 'Normal', 'No tone', -999L]"
2010_001993.jpg,"[' car', ' person', nan, nan, nan, 21.0529768239, 'low', ' car', ' boat', 'Target Absent', 'Normal', 'No tone', -999L]"
2008_007842.jpg,"[' cat', nan, nan, nan, nan, 20.6060855378, 'low', ' cat', nan, 'No Target', 'Normal', 'No tone', -999L]"
2009_004414.jpg,"[' aeroplane', nan, nan, nan, nan, 35.972960084, 'high', ' aeroplane', nan, 'No Target', 'Normal', 'No tone', -999L]"
2008_000634.jpg,"[' person', nan, nan, nan, nan, 21.235359811600002, 'low', ' person', nan, 'No Target', 'Normal', 'No tone', -999L]"
2009_001021.jpg,"[' pottedplant', ' sofa', ' chair', nan, nan, 31.427287996, 'high', ' sofa', nan, 'No Target', 'Normal', 'No tone', -999L]"
2009_003309.jpg,"[' aeroplane', nan, nan, nan, nan, 19.0959957377, 'low', ' aeroplane', ' aeroplane', 'Target Present', 'Normal', 'No tone', -999L]"
2010_004223.jpg,"[' person', ' chair', nan, nan, nan, 16.6068065792, 'low', ' person', nan, 'No Target', 'Normal', 'No tone', -999L]"
2009_004888.jpg,"[' person', ' boat', nan, nan, nan, 16.6512424605, 'low', ' boat', ' boat', 'Target Present', 'Normal', 'No tone', -999L]"
2010_003911.jpg,"[' boat', nan, nan, nan, nan, 20.084302537, 'low', ' boat', nan, 'No Target', 'Normal', 'No tone', -999L]"
2010_005785.jpg,"[' car', nan, nan, nan, nan, 16.1970358254, 'low', ' car', nan, 'No Target', 'Critical', 'tone1', 736L]"
2011_002303.jpg,"[' car', ' person', nan, nan, nan, 20.6957146074, 'low', ' car', nan, 'No Target', 'Normal', 'No tone', -999L]"
2010_003861.jpg,"[' pottedplant', ' person', ' chair', ' sofa', ' cat', 29.7271295973, 'high', ' cat', nan, 'No Target', 'Normal', 'No tone', -999L]"
2008_008359.jpg,"[' aeroplane', nan, nan, nan, nan, 14.1064450151, 'low', ' aeroplane', nan, 'No Target', 'Normal', 'No tone', -999L]"
2009_005308.jpg,"[' bottle', nan, nan, nan, nan, 21.1163017472, 'low', ' bottle', nan, 'No Target', 'Normal', 'No tone', -999L]"
2009_000120.jpg,"[' boat', nan, nan, nan, nan, 30.8060891344, 'high', ' boat', nan, 'No Target', 'Normal', 'No tone', -999L]"
2011_003066.jpg,"[' person', ' chair', ' diningtable', ' bottle', nan, 33.7345291168, 'high', ' chair', nan, 'No Target', 'Normal', 'No tone', -999L]"
2008_001836.jpg,"[' cat', nan, nan, nan, nan, 20.4638836895, 'low', ' cat', nan, 'No Target', 'Normal', 'No tone', -999L]"
2010_000090.jpg,"[' chair', ' dog', nan, nan, nan, 13.8367101522, 'low', ' chair', ' horse', 'Target Absent', 'Critical', 'tone2', 427L]"
2008_000885.jpg,"[' person', ' diningtable', ' bottle', nan, nan, 33.4619040834, 'high', ' person', nan, 'No Target', 'Normal', 'No tone', -999L]"
2008_001862.jpg,"[' pottedplant', ' person', ' chair', ' dog', ' bottle', 31.058049570100003, 'high', ' dog', nan, 'No Target', 'Normal', 'No tone', -999L]"
2010_002393.jpg,"[' boat', nan, nan, nan, nan, 20.1314110865, 'low', ' boat', nan, 'No Target', 'Normal', 'No tone', -999L]"
2009_001774.jpg,"[' sofa', ' dog', nan, nan, nan, 16.142562620899998, 'low', ' dog', nan, 'No Target', 'Normal', 'No tone', -999L]"
2008_000251.jpg,"[' car', ' aeroplane', nan, nan, nan, 35.8721794079, 'high', ' aeroplane', nan, 'No Target', 'Normal', 'No tone', -999L]"
2008_003635.jpg,"[' person', ' diningtable', ' bottle', nan, nan, 36.1560129636, 'high', ' bottle', nan, 'No Target', 'Normal', 'No tone', -999L]"
2009_004076.jpg,"[' sofa', ' dog', nan, nan, nan, 15.5533931509, 'low', ' sofa', nan, 'No Target', 'Normal', 'No tone', -999L]"
2008_005978.jpg,"[' person', ' bicycle', nan, nan, nan, 18.237768236500003, 'low', ' person', nan, 'No Target', 'Normal', 'No tone', -999L]"
2008_002904.jpg,"[' dog', nan, nan, nan, nan, 17.1900446482, 'low', ' dog', nan, 'No Target', 'Normal', 'No tone', -999L]"
2009_005075.jpg,"[' aeroplane', nan, nan, nan, nan, 20.2722047516, 'low', ' aeroplane', nan, 'No Target', 'Normal', 'No tone', -999L]"
2008_004893.jpg,"[' bird', nan, nan, nan, nan, 8.06283649278, 'low', ' bird', nan, 'No Target', 'Normal', 'No tone', -999L]"
2008_000381.jpg,"[' person', ' chair', nan, nan, nan, 29.7799066144, 'high', ' chair', nan, 'No Target', 'Normal', 'No tone', -999L]"
2008_008607.jpg,"[' aeroplane', nan, nan, nan, nan, 32.0206899074, 'high', ' aeroplane', nan, 'No Target', 'Normal', 'No tone', -999L]"
2008_008263.jpg,"[' aeroplane', nan, nan, nan, nan, 17.3506654694, 'low', ' aeroplane', nan, 'No Target', 'Normal', 'No tone', -999L]"
2008_006998.jpg,"[' person', nan, nan, nan, nan, 18.716529005199998, 'low', ' person', nan, 'No Target', 'Normal', 'No tone', -999L]"
2008_004633.jpg,"[' bird', nan, nan, nan, nan, 30.0688032828, 'high', ' bird', nan, 'No Target', 'Normal', 'No tone', -999L]"
2008_006844.jpg,"[' person', ' dog', ' car', nan, nan, 33.0948850029, 'high', ' dog', nan, 'No Target', 'Critical', 'tone2', 738L]"
2008_005526.jpg,"[' person', ' boat', nan, nan, nan, 31.2610376392, 'high', ' boat', nan, 'No Target', 'Normal', 'No tone', -999L]"
2009_003705.jpg,"[' person', ' aeroplane', nan, nan, nan, 29.5473061136, 'high', ' aeroplane', ' dog', 'Target Absent', 'Normal', 'No tone', -999L]"
2008_004487.jpg,"[' chair', ' bottle', nan, nan, nan, 35.9250648934, 'high', ' chair', nan, 'No Target', 'Normal', 'No tone', -999L]"
2011_001591.jpg,"[' person', ' boat', nan, nan, nan, 17.698167132000002, 'low', ' boat', nan, 'No Target', 'Normal', 'No tone', -999L]"
2010_002645.jpg,"[' cat', nan, nan, nan, nan, 20.8501252653, 'low', ' cat', ' pottedplant', 'Target Absent', 'Normal', 'No tone', -999L]"
2010_003729.jpg,"[' pottedplant', ' car', ' chair', ' bicycle', ' person', 30.133244112800003, 'high', ' pottedplant', nan, 'No Target', 'Normal', 'No tone', -999L]"
2010_004014.jpg,"[' car', nan, nan, nan, nan, 18.597981681700002, 'low', ' car', ' sofa', 'Target Absent', 'Normal', 'No tone', -999L]"
2008_005903.jpg,"[' bird', nan, nan, nan, nan, 18.0156688875, 'low', ' bird', nan, 'No Target', 'Normal', 'No tone', -999L]"
2010_004753.jpg,"[' chair', ' cat', nan, nan, nan, 16.654865888, 'low', ' chair', nan, 'No Target', 'Normal', 'No tone', -999L]"
2010_002472.jpg,"[' cat', nan, nan, nan, nan, 32.6606639512, 'high', ' cat', ' cat', 'Target Present', 'Normal', 'No tone', -999L]"
2008_007378.jpg,"[' chair', ' dog', ' diningtable', nan, nan, 29.6114403428, 'high', ' dog', nan, 'No Target', 'Normal', 'No tone', -999L]"
2010_000229.jpg,"[' aeroplane', nan, nan, nan, nan, 14.3418947369, 'low', ' aeroplane', nan, 'No Target', 'Normal', 'No tone', -999L]"
2008_000760.jpg,"[' chair', nan, nan, nan, nan, 19.6460660251, 'low', ' chair', nan, 'No Target', 'Normal', 'No tone', -999L]"
2010_004683.jpg,"[' pottedplant', ' dog', nan, nan, nan, 28.6636334752, 'high', ' pottedplant', nan, 'No Target', 'Normal', 'No tone', -999L]"
2008_008506.jpg,"[' bird', nan, nan, nan, nan, 18.8378639563, 'low', ' bird', nan, 'No Target', 'Critical', 'tone1', 227L]"
2009_002414.jpg,"[' bird', nan, nan, nan, nan, 29.7427866823, 'high', ' bird', nan, 'No Target', 'Normal', 'No tone', -999L]"
2009_000087.jpg,"[' sofa', nan, nan, nan, nan, 19.8923896955, 'low', ' sofa', nan, 'No Target', 'Critical', 'tone2', 364L]"
2008_003378.jpg,"[' car', ' chair', ' bicycle', nan, nan, 29.7308101348, 'high', ' car', nan, 'No Target', 'Normal', 'No tone', -999L]"
2011_001991.jpg,"[' boat', nan, nan, nan, nan, 34.0471469053, 'high', ' boat', nan, 'No Target', 'Critical', 'tone2', 107L]"
2008_000093.jpg,"[' tvmonitor', ' chair', ' sofa', nan, nan, 29.8220330038, 'high', ' sofa', nan, 'No Target', 'Critical', 'tone1', 268L]"
2010_003101.jpg,"[' pottedplant', nan, nan, nan, nan, 19.252734908, 'low', ' pottedplant', nan, 'No Target', 'Normal', 'No tone', -999L]"
2008_006784.jpg,"[' sofa', nan, nan, nan, nan, 17.0559093734, 'low', ' sofa', ' aeroplane', 'Target Absent', 'Normal', 'No tone', -999L]"
2008_004646.jpg,"[' person', ' aeroplane', nan, nan, nan, 32.0149735503, 'high', ' aeroplane', ' aeroplane', 'Target Present', 'Normal', 'No tone', -999L]"
2008_000984.jpg,"[' person', nan, nan, nan, nan, 30.748885654899997, 'high', ' person', nan, 'No Target', 'Normal', 'No tone', -999L]"
2008_008395.jpg,"[' person', ' horse', nan, nan, nan, 19.9123010153, 'low', ' horse', nan, 'No Target', 'Normal', 'No tone', -999L]"
2009_001137.jpg,"[' pottedplant', ' person', nan, nan, nan, 13.7867334636, 'low', ' pottedplant', nan, 'No Target', 'Normal', 'No tone', -999L]"
2008_000972.jpg,"[' person', ' sofa', nan, nan, nan, 20.7078777754, 'low', ' sofa', nan, 'No Target', 'Normal', 'No tone', -999L]"
2010_005106.jpg,"[' person', ' aeroplane', nan, nan, nan, 30.2429372093, 'high', ' aeroplane', nan, 'No Target', 'Normal', 'No tone', -999L]"
2011_001834.jpg,"[' chair', nan, nan, nan, nan, 13.7274387367, 'low', ' chair', nan, 'No Target', 'Normal', 'No tone', -999L]"
2010_001731.jpg,"[' chair', nan, nan, nan, nan, 9.95536840071, 'low', ' chair', nan, 'No Target', 'Normal', 'No tone', -999L]"
2010_006033.jpg,"[' car', nan, nan, nan, nan, 32.9773958833, 'high', ' car', nan, 'No Target', 'Normal', 'No tone', -999L]"
2010_000815.jpg,"[' cat', nan, nan, nan, nan, 30.306707617199997, 'high', ' cat', ' cat', 'Target Present', 'Critical', 'tone1', 140L]"
2011_001613.jpg,"[' person', ' boat', nan, nan, nan, 17.516941478699998, 'low', ' boat', nan, 'No Target', 'Normal', 'No tone', -999L]"
2008_006452.jpg,"[' dog', nan, nan, nan, nan, 16.1374581172, 'low', ' dog', nan, 'No Target', 'Normal', 'No tone', -999L]"
2008_007057.jpg,"[' dog', nan, nan, nan, nan, 40.7731212751, 'high', ' dog', nan, 'No Target', 'Normal', 'No tone', -999L]"
2011_000530.jpg,"[' pottedplant', ' sofa', ' chair', ' diningtable', nan, 29.8068196257, 'high', ' sofa', nan, 'No Target', 'Normal', 'No tone', -999L]"
2009_002594.jpg,"[' bottle', nan, nan, nan, nan, 19.0962373595, 'low', ' bottle', nan, 'No Target', 'Critical', 'tone2', 631L]"
2008_005818.jpg,"[' horse', nan, nan, nan, nan, 29.0841590419, 'high', ' horse', ' horse', 'Target Present', 'Normal', 'No tone', -999L]"
2010_000132.jpg,"[' pottedplant', nan, nan, nan, nan, 19.906276626, 'low', ' pottedplant', ' dog', 'Target Absent', 'Normal', 'No tone', -999L]"
2008_000495.jpg,"[' tvmonitor', ' chair', ' bottle', nan, nan, 32.179769175, 'high', ' bottle', ' bottle', 'Target Present', 'Normal', 'No tone', -999L]"
2010_002702.jpg,"[' person', ' boat', ' car', nan, nan, 35.7047089349, 'high', ' boat', nan, 'No Target', 'Normal', 'No tone', -999L]"
2011_001440.jpg,"[' pottedplant', ' sofa', nan, nan, nan, 31.6245238408, 'high', ' pottedplant', nan, 'No Target', 'Normal', 'No tone', -999L]"
2010_003400.jpg,"[' car', nan, nan, nan, nan, 11.740304537, 'low', ' car', nan, 'No Target', 'Normal', 'No tone', -999L]"
2008_005720.jpg,"[' bus', ' boat', ' car', nan, nan, 34.403914620100004, 'high', ' boat', nan, 'No Target', 'Normal', 'No tone', -999L]"
2008_008229.jpg,"[' person', ' horse', nan, nan, nan, 33.702921971900004, 'high', ' horse', nan, 'No Target', 'Normal', 'No tone', -999L]"
2008_001576.jpg,"[' tvmonitor', ' chair', ' person', nan, nan, 31.7947294031, 'high', ' person', nan, 'No Target', 'Normal', 'No tone', -999L]"
2010_001682.jpg,"[' person', ' chair', ' diningtable', ' bottle', nan, 33.4787504727, 'high', ' bottle', nan, 'No Target', 'Normal', 'No tone', -999L]"
2008_002887.jpg,"[' person', ' boat', nan, nan, nan, 34.287988653, 'high', ' boat', nan, 'No Target', 'Normal', 'No tone', -999L]"
2011_001304.jpg,"[' tvmonitor', ' chair', ' sofa', nan, nan, 37.2238158045, 'high', ' sofa', nan, 'No Target', 'Normal', 'No tone', -999L]"
2009_001470.jpg,"[' sofa', ' dog', nan, nan, nan, 19.1888341854, 'low', ' sofa', nan, 'No Target', 'Normal', 'No tone', -999L]"
2008_008083.jpg,"[' person', ' boat', nan, nan, nan, 18.6424504286, 'low', ' person', nan, 'No Target', 'Normal', 'No tone', -999L]"
2008_000192.jpg,"[' bird', nan, nan, nan, nan, 29.176311485, 'high', ' bird', nan, 'No Target', 'Normal', 'No tone', -999L]"
2010_001645.jpg,"[' person', ' diningtable', ' bottle', nan, nan, 38.9726423889, 'high', ' bottle', nan, 'No Target', 'Critical', 'tone2', 300L]"
2009_002306.jpg,"[' boat', nan, nan, nan, nan, 30.065266395500004, 'high', ' boat', nan, 'No Target', 'Normal', 'No tone', -999L]"
2008_006663.jpg,"[' person', ' bottle', ' diningtable', nan, nan, 29.775484131, 'high', ' bottle', nan, 'No Target', 'Normal', 'No tone', -999L]"
2009_000466.jpg,"[' cat', nan, nan, nan, nan, 30.9540107157, 'high', ' cat', nan, 'No Target', 'Normal', 'No tone', -999L]"
2008_002709.jpg,"[' boat', ' cow', nan, nan, nan, 29.6594071243, 'high', ' boat', ' boat', 'Target Present', 'Normal', 'No tone', -999L]"
2010_001908.jpg,"[' person', ' dog', nan, nan, nan, 18.2814006101, 'low', ' dog', nan, 'No Target', 'Normal', 'No tone', -999L]"
2008_002736.jpg,"[' person', ' diningtable', ' bottle', nan, nan, 36.4140422377, 'high', ' bottle', nan, 'No Target', 'Critical', 'tone1', 765L]"
2011_001025.jpg,"[' pottedplant', ' person', ' bicycle', ' car', nan, 33.3671527498, 'high', ' pottedplant', nan, 'No Target', 'Critical', 'tone1', 620L]"
2010_001907.jpg,"[' person', ' chair', ' diningtable', nan, nan, 20.5612790093, 'low', ' chair', nan, 'No Target', 'Critical', 'tone1', 509L]"
2008_002195.jpg,"[' person', ' aeroplane', nan, nan, nan, 30.480361756599997, 'high', ' aeroplane', nan, 'No Target', 'Critical', 'tone1', 65L]"
2008_007108.jpg,"[' pottedplant', ' dog', nan, nan, nan, 29.851834352399997, 'high', ' dog', nan, 'No Target', 'Critical', 'tone1', 474L]"
2008_004036.jpg,"[' person', ' motorbike', nan, nan, nan, 19.4461566876, 'low', ' person', ' cat', 'Target Absent', 'Normal', 'No tone', -999L]"
2010_000613.jpg,"[' horse', nan, nan, nan, nan, 20.8855839237, 'low', ' horse', ' chair', 'Target Absent', 'Normal', 'No tone', -999L]"
2010_001271.jpg,"[' chair', ' diningtable', nan, nan, nan, 20.7351456906, 'low', ' chair', ' sofa', 'Target Absent', 'Normal', 'No tone', -999L]"
2010_003287.jpg,"[' tvmonitor', ' chair', ' person', nan, nan, 20.1551930472, 'low', ' chair', nan, 'No Target', 'Normal', 'No tone', -999L]"
2010_000109.jpg,"[' cat', nan, nan, nan, nan, 21.1941016161, 'low', ' cat', nan, 'No Target', 'Normal', 'No tone', -999L]"
2008_003193.jpg,"[' person', nan, nan, nan, nan, 39.7941102261, 'high', ' person', nan, 'No Target', 'Normal', 'No tone', -999L]"
2008_001283.jpg,"[' pottedplant', ' person', ' bird', nan, nan, 32.3259350459, 'high', ' bird', nan, 'No Target', 'Normal', 'No tone', -999L]"
2011_002555.jpg,"[' person', ' horse', nan, nan, nan, 29.265462465, 'high', ' horse', nan, 'No Target', 'Normal', 'No tone', -999L]"
2009_000067.jpg,"[' person', nan, nan, nan, nan, 29.6392963112, 'high', ' person', ' aeroplane', 'Target Absent', 'Normal', 'No tone', -999L]"
2008_006072.jpg,"[' bottle', nan, nan, nan, nan, 18.259900940799998, 'low', ' bottle', nan, 'No Target', 'Normal', 'No tone', -999L]"
2008_000270.jpg,"[' person', ' dog', ' sofa', nan, nan, 29.9356183869, 'high', ' dog', nan, 'No Target', 'Normal', 'No tone', -999L]"
2009_000760.jpg,"[' pottedplant', ' chair', ' diningtable', nan, nan, 34.1778342477, 'high', ' pottedplant', ' pottedplant', 'Target Present', 'Normal', 'No tone', -999L]"
2010_000074.jpg,"[' person', ' dog', nan, nan, nan, 32.1424271349, 'high', ' dog', nan, 'No Target', 'Normal', 'No tone', -999L]"
2008_001673.jpg,"[' person', ' chair', ' bird', nan, nan, 29.630121226999997, 'high', ' bird', nan, 'No Target', 'Normal', 'No tone', -999L]"
2011_001959.jpg,"[' bird', nan, nan, nan, nan, 9.57686770874, 'low', ' bird', nan, 'No Target', 'Normal', 'No tone', -999L]"
2008_007970.jpg,"[' person', ' aeroplane', nan, nan, nan, 30.073041629000002, 'high', ' aeroplane', nan, 'No Target', 'Normal', 'No tone', -999L]"
2008_006461.jpg,"[' bird', nan, nan, nan, nan, 31.18243026, 'high', ' bird', nan, 'No Target', 'Normal', 'No tone', -999L]"
2009_002817.jpg,"[' pottedplant', nan, nan, nan, nan, 19.54050687, 'low', ' pottedplant', ' pottedplant', 'Target Present', 'Normal', 'No tone', -999L]"
2008_005472.jpg,"[' person', ' car', nan, nan, nan, 28.8397417486, 'high', ' person', nan, 'No Target', 'Normal', 'No tone', -999L]"
2011_000224.jpg,"[' sofa', nan, nan, nan, nan, 17.3166460371, 'low', ' sofa', nan, 'No Target', 'Normal', 'No tone', -999L]"
2009_000169.jpg,"[' person', ' horse', ' car', nan, nan, 20.9345998577, 'low', ' horse', nan, 'No Target', 'Normal', 'No tone', -999L]"
2008_000798.jpg,"[' bird', nan, nan, nan, nan, 29.5945978863, 'high', ' bird', nan, 'No Target', 'Normal', 'No tone', -999L]"
2008_006216.jpg,"[' person', ' aeroplane', nan, nan, nan, 31.8858778004, 'high', ' aeroplane', nan, 'No Target', 'Normal', 'No tone', -999L]"
2008_003701.jpg,"[' boat', nan, nan, nan, nan, 29.9571992215, 'high', ' boat', nan, 'No Target', 'Normal', 'No tone', -999L]"
2009_004737.jpg,"[' chair', nan, nan, nan, nan, 16.985442334600002, 'low', ' chair', nan, 'No Target', 'Normal', 'No tone', -999L]"
2008_002897.jpg,"[' pottedplant', ' person', nan, nan, nan, 36.5957709735, 'high', ' pottedplant', nan, 'No Target', 'Normal', 'No tone', -999L]"
2010_005270.jpg,"[' person', ' horse', ' dog', nan, nan, 31.3724599987, 'high', ' horse', nan, 'No Target', 'Critical', 'tone1', 784L]"
2008_007250.jpg,"[' bird', nan, nan, nan, nan, 31.8921255067, 'high', ' bird', nan, 'No Target', 'Normal', 'No tone', -999L]"
2009_000260.jpg,"[' aeroplane', nan, nan, nan, nan, 20.088435845699998, 'low', ' aeroplane', nan, 'No Target', 'Normal', 'No tone', -999L]"
2009_002001.jpg,"[' person', ' aeroplane', nan, nan, nan, 34.5441448216, 'high', ' aeroplane', nan, 'No Target', 'Normal', 'No tone', -999L]"
2008_003170.jpg,"[' bird', nan, nan, nan, nan, 17.1675580603, 'low', ' bird', ' bird', 'Target Present', 'Normal', 'No tone', -999L]"
2008_005046.jpg,"[' person', ' dog', nan, nan, nan, 20.7128987687, 'low', ' dog', nan, 'No Target', 'Critical', 'tone1', 796L]"
2008_001333.jpg,"[' sofa', ' chair', ' bottle', ' person', nan, 29.051766795, 'high', ' sofa', nan, 'No Target', 'Normal', 'No tone', -999L]"
2008_004991.jpg,"[' person', ' bottle', nan, nan, nan, 28.916515369699997, 'high', ' bottle', nan, 'No Target', 'Normal', 'No tone', -999L]"
2010_004447.jpg,"[' person', ' bottle', ' sofa', nan, nan, 33.5611857847, 'high', ' bottle', nan, 'No Target', 'Normal', 'No tone', -999L]"
2008_001546.jpg,"[' aeroplane', nan, nan, nan, nan, 16.876667793699998, 'low', ' aeroplane', nan, 'No Target', 'Normal', 'No tone', -999L]"
2008_004690.jpg,"[' bird', nan, nan, nan, nan, 30.5153527617, 'high', ' bird', nan, 'No Target', 'Normal', 'No tone', -999L]"
2008_002758.jpg,"[' person', ' chair', nan, nan, nan, 33.312072728000004, 'high', ' chair', ' car', 'Target Absent', 'Normal', 'No tone', -999L]"
2011_002482.jpg,"[' person', ' bottle', nan, nan, nan, 30.936879278600003, 'high', ' person', nan, 'No Target', 'Normal', 'No tone', -999L]"
2011_001382.jpg,"[' pottedplant', ' person', ' diningtable', ' bottle', nan, 28.9395133114, 'high', ' pottedplant', nan, 'No Target', 'Critical', 'tone2', 120L]"
2010_004763.jpg,"[' chair', nan, nan, nan, nan, 33.261768177, 'high', ' chair', nan, 'No Target', 'Normal', 'No tone', -999L]"
2011_000282.jpg,"[' person', ' chair', ' bottle', ' diningtable', nan, 35.1348565128, 'high', ' bottle', nan, 'No Target', 'Normal', 'No tone', -999L]"
2008_002504.jpg,"[' boat', nan, nan, nan, nan, 20.4706639524, 'low', ' boat', nan, 'No Target', 'Normal', 'No tone', -999L]"
2009_005118.jpg,"[' boat', nan, nan, nan, nan, 28.710284354299997, 'high', ' boat', nan, 'No Target', 'Normal', 'No tone', -999L]"
2008_006564.jpg,"[' aeroplane', nan, nan, nan, nan, 13.513291905, 'low', ' aeroplane', nan, 'No Target', 'Normal', 'No tone', -999L]"
2008_000982.jpg,"[' car', ' person', ' bus', nan, nan, 35.0694191822, 'high', ' car', nan, 'No Target', 'Normal', 'No tone', -999L]"
2008_003876.jpg,"[' aeroplane', nan, nan, nan, nan, 13.440366765599999, 'low', ' aeroplane', nan, 'No Target', 'Normal', 'No tone', -999L]"
2010_002349.jpg,"[' dog', nan, nan, nan, nan, 19.9931027737, 'low', ' dog', nan, 'No Target', 'Normal', 'No tone', -999L]"
2008_001205.jpg,"[' person', nan, nan, nan, nan, 19.675826944100002, 'low', ' person', nan, 'No Target', 'Critical', 'tone2', 946L]"
2008_003575.jpg,"[' person', ' aeroplane', nan, nan, nan, 31.070624342, 'high', ' aeroplane', nan, 'No Target', 'Normal', 'No tone', -999L]"
2010_004791.jpg,"[' aeroplane', nan, nan, nan, nan, 20.1207612432, 'low', ' aeroplane', nan, 'No Target', 'Normal', 'No tone', -999L]"
2009_000523.jpg,"[' car', nan, nan, nan, nan, 21.181010736199998, 'low', ' car', nan, 'No Target', 'Normal', 'No tone', -999L]"
2008_006863.jpg,"[' person', ' chair', ' cat', nan, nan, 30.8788481424, 'high', ' cat', nan, 'No Target', 'Normal', 'No tone', -999L]"
2008_005702.jpg,"[' horse', nan, nan, nan, nan, 29.281237507399997, 'high', ' horse', ' pottedplant', 'Target Absent', 'Normal', 'No tone', -999L]"
2008_000457.jpg,"[' car', nan, nan, nan, nan, 36.207394561, 'high', ' car', nan, 'No Target', 'Normal', 'No tone', -999L]"
2008_000414.jpg,"[' boat', nan, nan, nan, nan, 35.947150003000004, 'high', ' boat', ' sofa', 'Target Absent', 'Normal', 'No tone', -999L]"
2008_004858.jpg,"[' car', ' bicycle', ' person', nan, nan, 30.476929097600003, 'high', ' car', nan, 'No Target', 'Normal', 'No tone', -999L]"
2010_005257.jpg,"[' cat', nan, nan, nan, nan, 20.0415745672, 'low', ' cat', nan, 'No Target', 'Normal', 'No tone', -999L]"
2011_002810.jpg,"[' pottedplant', ' tvmonitor', ' chair', ' sofa', nan, 35.6366042017, 'high', ' pottedplant', ' horse', 'Target Absent', 'Normal', 'No tone', -999L]"
2010_002742.jpg,"[' person', ' bottle', ' pottedplant', ' tvmonitor', ' chair', 31.6763857137, 'high', ' bottle', nan, 'No Target', 'Normal', 'No tone', -999L]"
2008_004269.jpg,"[' sofa', ' person', nan, nan, nan, 20.9832980594, 'low', ' sofa', ' sofa', 'Target Present', 'Normal', 'No tone', -999L]"
2009_003232.jpg,"[' horse', nan, nan, nan, nan, 20.957748315299998, 'low', ' horse', ' bottle', 'Target Absent', 'Normal', 'No tone', -999L]"
2009_001305.jpg,"[' cat', nan, nan, nan, nan, 18.6847182117, 'low', ' cat', nan, 'No Target', 'Normal', 'No tone', -999L]"
2009_000021.jpg,"[' car', ' person', nan, nan, nan, 29.008359016300002, 'high', ' car', nan, 'No Target', 'Normal', 'No tone', -999L]"
2008_006470.jpg,"[' chair', nan, nan, nan, nan, 21.0059170057, 'low', ' chair', nan, 'No Target', 'Normal', 'No tone', -999L]"
2011_001005.jpg,"[' pottedplant', ' sofa', nan, nan, nan, 18.9677226722, 'low', ' pottedplant', nan, 'No Target', 'Normal', 'No tone', -999L]"
2008_000196.jpg,"[' pottedplant', ' bicycle', ' bottle', ' cat', nan, 35.353784429899996, 'high', ' cat', nan, 'No Target', 'Normal', 'No tone', -999L]"
2011_002050.jpg,"[' boat', nan, nan, nan, nan, 17.3315580807, 'low', ' boat', nan, 'No Target', 'Critical', 'tone1', 550L]"
2010_005572.jpg,"[' person', ' motorbike', nan, nan, nan, 31.076858313600003, 'high', ' person', nan, 'No Target', 'Normal', 'No tone', -999L]"
2009_001321.jpg,"[' car', ' aeroplane', nan, nan, nan, 37.9375516575, 'high', ' aeroplane', ' aeroplane', 'Target Present', 'Normal', 'No tone', -999L]"
2010_002127.jpg,"[' person', ' bottle', ' car', nan, nan, 34.3131610413, 'high', ' car', nan, 'No Target', 'Normal', 'No tone', -999L]"
2011_002641.jpg,"[' person', ' chair', ' bottle', nan, nan, 33.381115383499996, 'high', ' chair', ' boat', 'Target Absent', 'Normal', 'No tone', -999L]"
2009_003679.jpg,"[' pottedplant', nan, nan, nan, nan, 20.395429944300002, 'low', ' pottedplant', nan, 'No Target', 'Normal', 'No tone', -999L]"
2008_008097.jpg,"[' car', ' bicycle', ' motorbike', ' bus', ' person', 30.263449465700003, 'high', ' car', nan, 'No Target', 'Normal', 'No tone', -999L]"
2011_002098.jpg,"[' dog', ' bottle', nan, nan, nan, 41.9971447032, 'high', ' dog', ' dog', 'Target Present', 'Normal', 'No tone', -999L]"
2009_000995.jpg,"[' sofa', ' person', nan, nan, nan, 31.4636772311, 'high', ' sofa', nan, 'No Target', 'Normal', 'No tone', -999L]"
2008_000123.jpg,"[' bird', nan, nan, nan, nan, 12.433989779300001, 'low', ' bird', nan, 'No Target', 'Normal', 'No tone', -999L]"
2008_000274.jpg,"[' pottedplant', ' chair', nan, nan, nan, 32.0542696763, 'high', ' pottedplant', nan, 'No Target', 'Normal', 'No tone', -999L]"
2009_000565.jpg,"[' person', ' horse', nan, nan, nan, 30.5304897751, 'high', ' horse', nan, 'No Target', 'Normal', 'No tone', -999L]"
2010_004175.jpg,"[' cat', nan, nan, nan, nan, 10.2366357609, 'low', ' cat', ' person', 'Target Absent', 'Normal', 'No tone', -999L]"
2010_004145.jpg,"[' horse', nan, nan, nan, nan, 18.5904564306, 'low', ' horse', nan, 'No Target', 'Normal', 'No tone', -999L]"
2008_003369.jpg,"[' aeroplane', nan, nan, nan, nan, 15.7319627222, 'low', ' aeroplane', nan, 'No Target', 'Critical', 'tone2', 920L]"
2008_002145.jpg,"[' person', nan, nan, nan, nan, 18.8795575328, 'low', ' person', nan, 'No Target', 'Normal', 'No tone', -999L]"
2008_001040.jpg,"[' boat', nan, nan, nan, nan, 20.2100437036, 'low', ' boat', nan, 'No Target', 'Normal', 'No tone', -999L]"
2008_002700.jpg,"[' person', nan, nan, nan, nan, 21.051373291199997, 'low', ' person', nan, 'No Target', 'Normal', 'No tone', -999L]"
2010_002603.jpg,"[' person', ' chair', nan, nan, nan, 37.0529117102, 'high', ' person', nan, 'No Target', 'Normal', 'No tone', -999L]"
2010_005780.jpg,"[' boat', nan, nan, nan, nan, 16.8463365792, 'low', ' boat', nan, 'No Target', 'Normal', 'No tone', -999L]"
2009_000059.jpg,"[' person', ' chair', nan, nan, nan, 14.4209422776, 'low', ' chair', nan, 'No Target', 'Normal', 'No tone', -999L]"
2008_006062.jpg,"[' tvmonitor', ' bottle', nan, nan, nan, 29.9937814283, 'high', ' bottle', nan, 'No Target', 'Normal', 'No tone', -999L]"
2008_007388.jpg,"[' pottedplant', ' chair', ' diningtable', nan, nan, 28.766357844499996, 'high', ' chair', nan, 'No Target', 'Normal', 'No tone', -999L]"
2011_000499.jpg,"[' tvmonitor', ' chair', ' sofa', nan, nan, 30.4579578004, 'high', ' sofa', nan, 'No Target', 'Normal', 'No tone', -999L]"
2009_001894.jpg,"[' cat', nan, nan, nan, nan, 19.1076965499, 'low', ' cat', nan, 'No Target', 'Normal', 'No tone', -999L]"
2008_000619.jpg,"[' car', ' cat', nan, nan, nan, 33.462184790500004, 'high', ' cat', ' horse', 'Target Absent', 'Normal', 'No tone', -999L]"
2009_004794.jpg,"[' pottedplant', ' person', ' bottle', ' diningtable', nan, 36.6655828193, 'high', ' pottedplant', ' pottedplant', 'Target Present', 'Normal', 'No tone', -999L]"
2009_003520.jpg,"[' chair', ' diningtable', nan, nan, nan, 29.1196911303, 'high', ' chair', nan, 'No Target', 'Normal', 'No tone', -999L]"
2008_000916.jpg,"[' pottedplant', ' person', ' train', nan, nan, 29.3234930732, 'high', ' person', nan, 'No Target', 'Normal', 'No tone', -999L]"
2008_004607.jpg,"[' bottle', nan, nan, nan, nan, 20.465741195, 'low', ' bottle', ' bottle', 'Target Present', 'Normal', 'No tone', -999L]"
2008_001221.jpg,"[' person', nan, nan, nan, nan, 18.139053151400002, 'low', ' person', nan, 'No Target', 'Normal', 'No tone', -999L]"
2008_004171.jpg,"[' pottedplant', nan, nan, nan, nan, 20.5841625672, 'low', ' pottedplant', nan, 'No Target', 'Normal', 'No tone', -999L]"
2010_004231.jpg,"[' chair', ' diningtable', nan, nan, nan, 15.830708943, 'low', ' chair', nan, 'No Target', 'Normal', 'No tone', -999L]"
2008_000321.jpg,"[' sofa', ' person', nan, nan, nan, 35.9255718732, 'high', ' sofa', nan, 'No Target', 'Normal', 'No tone', -999L]"
2010_003280.jpg,"[' person', ' horse', nan, nan, nan, 20.3068353181, 'low', ' horse', nan, 'No Target', 'Normal', 'No tone', -999L]"
2008_008210.jpg,"[' person', ' bicycle', ' car', nan, nan, 31.5779063964, 'high', ' car', nan, 'No Target', 'Normal', 'No tone', -999L]"
2009_002137.jpg,"[' bottle', nan, nan, nan, nan, 18.603518928099998, 'low', ' bottle', nan, 'No Target', 'Normal', 'No tone', -999L]"
2010_001451.jpg,"[' horse', nan, nan, nan, nan, 14.3004646918, 'low', ' horse', nan, 'No Target', 'Critical', 'tone1', 84L]"
2008_003659.jpg,"[' cat', nan, nan, nan, nan, 15.633666738699999, 'low', ' cat', nan, 'No Target', 'Critical', 'tone2', 240L]"
2009_004598.jpg,"[' cat', nan, nan, nan, nan, 16.6565997701, 'low', ' cat', nan, 'No Target', 'Normal', 'No tone', -999L]"
2011_003074.jpg,"[' chair', nan, nan, nan, nan, 20.5088814639, 'low', ' chair', ' car', 'Target Absent', 'Normal', 'No tone', -999L]"
2008_000177.jpg,"[' horse', nan, nan, nan, nan, 16.3969555242, 'low', ' horse', nan, 'No Target', 'Normal', 'No tone', -999L]"
2010_002278.jpg,"[' person', ' cat', nan, nan, nan, 29.8679940351, 'high', ' cat', nan, 'No Target', 'Normal', 'No tone', -999L]"
2011_000631.jpg,"[' boat', nan, nan, nan, nan, 37.7062015995, 'high', ' boat', nan, 'No Target', 'Normal', 'No tone', -999L]"
2008_006912.jpg,"[' person', ' horse', nan, nan, nan, 28.9362392217, 'high', ' horse', nan, 'No Target', 'Normal', 'No tone', -999L]"
2008_000119.jpg,"[' person', ' horse', nan, nan, nan, 19.1875460742, 'low', ' person', nan, 'No Target', 'Normal', 'No tone', -999L]"
2008_001367.jpg,"[' person', nan, nan, nan, nan, 20.358449022000002, 'low', ' person', nan, 'No Target', 'Normal', 'No tone', -999L]"
2011_001944.jpg,"[' dog', nan, nan, nan, nan, 31.7281700631, 'high', ' dog', nan, 'No Target', 'Normal', 'No tone', -999L]"
2011_001611.jpg,"[' pottedplant', nan, nan, nan, nan, 20.3935266021, 'low', ' pottedplant', nan, 'No Target', 'Normal', 'No tone', -999L]"
2010_005217.jpg,"[' bird', nan, nan, nan, nan, 20.8217316307, 'low', ' bird', nan, 'No Target', 'Normal', 'No tone', -999L]"
2010_004778.jpg,"[' person', ' chair', ' diningtable', ' bottle', nan, 30.060591862, 'high', ' bottle', nan, 'No Target', 'Normal', 'No tone', -999L]"
2010_005542.jpg,"[' car', ' bicycle', ' person', nan, nan, 28.874416244099997, 'high', ' person', nan, 'No Target', 'Normal', 'No tone', -999L]"
2010_005894.jpg,"[' chair', nan, nan, nan, nan, 29.027958359099998, 'high', ' chair', nan, 'No Target', 'Normal', 'No tone', -999L]"
2008_007629.jpg,"[' aeroplane', nan, nan, nan, nan, 31.1423085011, 'high', ' aeroplane', nan, 'No Target', 'Normal', 'No tone', -999L]"
2009_005133.jpg,"[' car', nan, nan, nan, nan, 29.2704648354, 'high', ' car', ' person', 'Target Absent', 'Normal', 'No tone', -999L]"
2008_005090.jpg,"[' tvmonitor', ' sofa', ' bottle', ' person', nan, 29.608026491599997, 'high', ' bottle', ' bottle', 'Target Present', 'Normal', 'No tone', -999L]"
2009_003686.jpg,"[' horse', nan, nan, nan, nan, 18.7207285432, 'low', ' horse', nan, 'No Target', 'Normal', 'No tone', -999L]"
2011_001001.jpg,"[' person', ' bird', ' boat', nan, nan, 31.913409738600002, 'high', ' bird', nan, 'No Target', 'Critical', 'tone1', 931L]"
2008_005214.jpg,"[' pottedplant', nan, nan, nan, nan, 21.2176699016, 'low', ' pottedplant', ' pottedplant', 'Target Present', 'Normal', 'No tone', -999L]"
2011_003145.jpg,"[' bird', nan, nan, nan, nan, 17.4970699875, 'low', ' bird', nan, 'No Target', 'Normal', 'No tone', -999L]"
2008_006954.jpg,"[' bird', nan, nan, nan, nan, 11.957700194600001, 'low', ' bird', nan, 'No Target', 'Normal', 'No tone', -999L]"
2008_000163.jpg,"[' car', nan, nan, nan, nan, 18.7084977246, 'low', ' car', nan, 'No Target', 'Normal', 'No tone', -999L]"
2010_001036.jpg,"[' person', ' boat', nan, nan, nan, 19.19481595, 'low', ' boat', nan, 'No Target', 'Normal', 'No tone', -999L]"
2009_000058.jpg,"[' person', ' bottle', ' diningtable', nan, nan, 34.072917550300005, 'high', ' bottle', nan, 'No Target', 'Normal', 'No tone', -999L]"
2010_003724.jpg,"[' person', ' bird', nan, nan, nan, 29.6573899693, 'high', ' bird', ' bird', 'Target Present', 'Normal', 'No tone', -999L]"
2011_001967.jpg,"[' bird', nan, nan, nan, nan, 13.9084482241, 'low', ' bird', nan, 'No Target', 'Normal', 'No tone', -999L]"
2009_001406.jpg,"[' person', ' boat', nan, nan, nan, 19.9016168923, 'low', ' boat', nan, 'No Target', 'Normal', 'No tone', -999L]"
2009_001345.jpg,"[' person', ' aeroplane', nan, nan, nan, 28.9954166074, 'high', ' aeroplane', nan, 'No Target', 'Normal', 'No tone', -999L]"
2008_002119.jpg,"[' pottedplant', ' sofa', ' chair', ' tvmonitor', nan, 29.4645800956, 'high', ' pottedplant', nan, 'No Target', 'Critical', 'tone1', 290L]"
2008_001495.jpg,"[' bird', nan, nan, nan, nan, 21.229485108, 'low', ' bird', nan, 'No Target', 'Normal', 'No tone', -999L]"
2009_004129.jpg,"[' chair', nan, nan, nan, nan, 11.459232377200001, 'low', ' chair', nan, 'No Target', 'Normal', 'No tone', -999L]"
2009_005036.jpg,"[' car', ' aeroplane', nan, nan, nan, 16.8116850006, 'low', ' aeroplane', ' aeroplane', 'Target Present', 'Normal', 'No tone', -999L]"
2008_005878.jpg,"[' bus', ' person', ' car', nan, nan, 31.1679369698, 'high', ' car', nan, 'No Target', 'Normal', 'No tone', -999L]"
2009_002888.jpg,"[' aeroplane', nan, nan, nan, nan, 18.0003618543, 'low', ' aeroplane', nan, 'No Target', 'Critical', 'tone2', 523L]"
2008_000398.jpg,"[' person', ' bottle', nan, nan, nan, 20.423795473800002, 'low', ' bottle', nan, 'No Target', 'Normal', 'No tone', -999L]"
2009_002604.jpg,"[' bird', nan, nan, nan, nan, 13.6444177899, 'low', ' bird', nan, 'No Target', 'Normal', 'No tone', -999L]"
2009_003884.jpg,"[' chair', ' diningtable', nan, nan, nan, 28.7286362612, 'high', ' chair', nan, 'No Target', 'Normal', 'No tone', -999L]"
2008_000704.jpg,"[' sofa', ' chair', ' person', nan, nan, 34.561608236, 'high', ' person', ' boat', 'Target Absent', 'Normal', 'No tone', -999L]"
2009_004984.jpg,"[' bicycle', ' bottle', nan, nan, nan, 18.8937980144, 'low', ' bottle', nan, 'No Target', 'Normal', 'No tone', -999L]"
2010_000811.jpg,"[' dog', nan, nan, nan, nan, 18.0450356506, 'low', ' dog', nan, 'No Target', 'Normal', 'No tone', -999L]"
2009_004364.jpg,"[' car', ' bicycle', nan, nan, nan, 28.730946257, 'high', ' car', nan, 'No Target', 'Normal', 'No tone', -999L]"
2008_002672.jpg,"[' car', nan, nan, nan, nan, 30.3940484458, 'high', ' car', ' car', 'Target Present', 'Normal', 'No tone', -999L]"
2009_000539.jpg,"[' person', ' dog', nan, nan, nan, 29.354458493600003, 'high', ' dog', nan, 'No Target', 'Normal', 'No tone', -999L]"
2008_004907.jpg,"[' boat', nan, nan, nan, nan, 16.5803743378, 'low', ' boat', nan, 'No Target', 'Normal', 'No tone', -999L]"
2011_001116.jpg,"[' person', ' cat', nan, nan, nan, 29.7785441827, 'high', ' cat', nan, 'No Target', 'Normal', 'No tone', -999L]"
2010_002620.jpg,"[' boat', nan, nan, nan, nan, 34.967527734099995, 'high', ' boat', nan, 'No Target', 'Normal', 'No tone', -999L]"
2009_004594.jpg,"[' car', nan, nan, nan, nan, 19.0301781524, 'low', ' car', ' car', 'Target Present', 'Normal', 'No tone', -999L]"
2008_007745.jpg,"[' person', ' dog', nan, nan, nan, 32.9593902214, 'high', ' dog', nan, 'No Target', 'Normal', 'No tone', -999L]"
2009_003351.jpg,"[' pottedplant', ' person', ' chair', ' motorbike', ' boat', 31.580489902100002, 'high', ' boat', nan, 'No Target', 'Normal', 'No tone', -999L]"
2010_003943.jpg,"[' cat', nan, nan, nan, nan, 31.193570788800002, 'high', ' cat', nan, 'No Target', 'Normal', 'No tone', -999L]"
2008_000189.jpg,"[' person', ' car', nan, nan, nan, 18.390878339300002, 'low', ' car', nan, 'No Target', 'Normal', 'No tone', -999L, 'No spacebar', 'No timing', 'Na', 'Na', 'Na', 0, 1]"
2010_000865.jpg,"[' person', ' train', ' car', nan, nan, 31.026856988899997, 'high', ' car', nan, 'No Target', 'Normal', 'No tone', -999L]"
2008_007208.jpg,"[' dog', nan, nan, nan, nan, 19.803149147, 'low', ' dog', nan, 'No Target', 'Normal', 'No tone', -999L]"
2011_000628.jpg,"[' person', ' horse', nan, nan, nan, 31.3105999235, 'high', ' horse', nan, 'No Target', 'Critical', 'tone1', 325L]"
2008_000940.jpg,"[' person', nan, nan, nan, nan, 20.1891503371, 'low', ' person', ' person', 'Target Present', 'Normal', 'No tone', -999L]"
2008_008628.jpg,"[' sofa', nan, nan, nan, nan, 30.980311145300004, 'high', ' sofa', ' sofa', 'Target Present', 'Normal', 'No tone', -999L]"
2008_007096.jpg,"[' aeroplane', nan, nan, nan, nan, 20.1580444106, 'low', ' aeroplane', nan, 'No Target', 'Normal', 'No tone', -999L]"
2009_000189.jpg,"[' sofa', ' dog', nan, nan, nan, 20.9340596821, 'low', ' sofa', nan, 'No Target', 'Normal', 'No tone', -999L]"
2008_002774.jpg,"[' person', ' motorbike', nan, nan, nan, 32.1233073623, 'high', ' person', nan, 'No Target', 'Normal', 'No tone', -999L]"
2009_002750.jpg,"[' person', ' horse', nan, nan, nan, 30.1417630616, 'high', ' horse', nan, 'No Target', 'Normal', 'No tone', -999L]"
2008_000501.jpg,"[' car', nan, nan, nan, nan, 18.2986780975, 'low', ' car', nan, 'No Target', 'Normal', 'No tone', -999L]"
2008_000202.jpg,"[' person', ' chair', ' bottle', ' tvmonitor', nan, 34.6330560906, 'high', ' bottle', nan, 'No Target', 'Normal', 'No tone', -999L]"
2010_004339.jpg,"[' dog', nan, nan, nan, nan, 18.0203679669, 'low', ' dog', nan, 'No Target', 'Normal', 'No tone', -999L]"
2008_003767.jpg,"[' pottedplant', nan, nan, nan, nan, 21.2558875475, 'low', ' pottedplant', nan, 'No Target', 'Normal', 'No tone', -999L]"
2008_002062.jpg,"[' car', nan, nan, nan, nan, 18.787450721400003, 'low', ' car', nan, 'No Target', 'Normal', 'No tone', -999L]"
2011_002971.jpg,"[' sofa', ' chair', ' person', nan, nan, 36.4437919266, 'high', ' sofa', nan, 'No Target', 'Normal', 'No tone', -999L]"
2011_000481.jpg,"[' aeroplane', nan, nan, nan, nan, 15.759492066500002, 'low', ' aeroplane', nan, 'No Target', 'Normal', 'No tone', -999L]"
2010_005606.jpg,"[' person', ' sofa', ' cat', nan, nan, 29.5141897874, 'high', ' cat', nan, 'No Target', 'Normal', 'No tone', -999L]"
2008_008331.jpg,"[' pottedplant', nan, nan, nan, nan, 19.3213088734, 'low', ' pottedplant', nan, 'No Target', 'Normal', 'No tone', -999L]"
2008_001451.jpg,"[' pottedplant', ' person', ' chair', ' diningtable', nan, 31.4876403732, 'high', ' pottedplant', nan, 'No Target', 'Normal', 'No tone', -999L]"
2010_000426.jpg,"[' bottle', nan, nan, nan, nan, 17.8831347445, 'low', ' bottle', nan, 'No Target', 'Normal', 'No tone', -999L]"
2008_003045.jpg,"[' cat', nan, nan, nan, nan, 16.4170391928, 'low', ' cat', nan, 'No Target', 'Normal', 'No tone', -999L]"
2008_008533.jpg,"[' horse', nan, nan, nan, nan, 19.207956396300002, 'low', ' horse', nan, 'No Target', 'Normal', 'No tone', -999L]"
2010_003297.jpg,"[' person', ' horse', nan, nan, nan, 31.9696343244, 'high', ' horse', nan, 'No Target', 'Normal', 'No tone', -999L]"
2008_000151.jpg,"[' aeroplane', nan, nan, nan, nan, 8.171244740619999, 'low', ' aeroplane', nan, 'No Target', 'Normal', 'No tone', -999L]"
2011_000661.jpg,"[' chair', ' cat', nan, nan, nan, 19.7971714164, 'low', ' cat', ' boat', 'Target Absent', 'Normal', 'No tone', -999L]"
2008_007664.jpg,"[' diningtable', ' person', ' chair', ' dog', ' bottle', 36.0401214283, 'high', ' bottle', nan, 'No Target', 'Normal', 'No tone', -999L]"
2010_001691.jpg,"[' boat', nan, nan, nan, nan, 16.8629662116, 'low', ' boat', nan, 'No Target', 'Normal', 'No tone', -999L]"
2008_002084.jpg,"[' pottedplant', ' person', ' dog', nan, nan, 30.0073743319, 'high', ' dog', nan, 'No Target', 'Normal', 'No tone', -999L]"
2008_006837.jpg,"[' chair', ' dog', ' diningtable', nan, nan, 18.206263900899998, 'low', ' chair', nan, 'No Target', 'Normal', 'No tone', -999L]"
2010_000299.jpg,"[' bird', nan, nan, nan, nan, 19.7061221398, 'low', ' bird', nan, 'No Target', 'Normal', 'No tone', -999L]"
2008_002899.jpg,"[' cat', nan, nan, nan, nan, 14.1274696186, 'low', ' cat', nan, 'No Target', 'Normal', 'No tone', -999L]"
2009_001723.jpg,"[' boat', nan, nan, nan, nan, 19.2643376751, 'low', ' boat', nan, 'No Target', 'Normal', 'No tone', -999L]"
2008_000041.jpg,"[' pottedplant', ' person', ' chair', ' diningtable', nan, 37.7107190223, 'high', ' pottedplant', ' bottle', 'Target Absent', 'Normal', 'No tone', -999L]"
2010_005054.jpg,"[' tvmonitor', ' sofa', nan, nan, nan, 20.2162635229, 'low', ' sofa', nan, 'No Target', 'Normal', 'No tone', -999L]"
2011_002193.jpg,"[' person', ' aeroplane', nan, nan, nan, 30.1828857165, 'high', ' person', nan, 'No Target', 'Normal', 'No tone', -999L]"
2008_001965.jpg,"[' person', ' dog', nan, nan, nan, 28.8389563542, 'high', ' dog', nan, 'No Target', 'Normal', 'No tone', -999L]"
2008_001708.jpg,"[' dog', ' cat', nan, nan, nan, 21.2476294604, 'low', ' dog', nan, 'No Target', 'Normal', 'No tone', -999L]"
2009_002897.jpg,"[' boat', nan, nan, nan, nan, 29.608002755300003, 'high', ' boat', nan, 'No Target', 'Critical', 'tone2', 705L]"
2008_008500.jpg,"[' person', ' horse', nan, nan, nan, 33.9683529801, 'high', ' horse', nan, 'No Target', 'Normal', 'No tone', -999L]"
2009_005008.jpg,"[' pottedplant', nan, nan, nan, nan, 17.7701583609, 'low', ' pottedplant', nan, 'No Target', 'Normal', 'No tone', -999L]"
2008_002725.jpg,"[' person', nan, nan, nan, nan, 35.696632302, 'high', ' person', nan, 'No Target', 'Normal', 'No tone', -999L]"
2008_003081.jpg,"[' person', ' boat', nan, nan, nan, 29.0064574566, 'high', ' person', nan, 'No Target', 'Normal', 'No tone', -999L]"
2009_000619.jpg,"[' bird', nan, nan, nan, nan, 19.3050304781, 'low', ' bird', nan, 'No Target', 'Normal', 'No tone', -999L]"
2009_000198.jpg,"[' pottedplant', ' chair', nan, nan, nan, 34.9666280658, 'high', ' pottedplant', nan, 'No Target', 'Normal', 'No tone', -999L]"
2010_000805.jpg,"[' dog', ' bottle', nan, nan, nan, 18.8607033421, 'low', ' bottle', nan, 'No Target', 'Normal', 'No tone', -999L]"
2010_004662.jpg,"[' boat', nan, nan, nan, nan, 21.1986204175, 'low', ' boat', nan, 'No Target', 'Normal', 'No tone', -999L]"
2011_002582.jpg,"[' bird', nan, nan, nan, nan, 19.2391461352, 'low', ' bird', nan, 'No Target', 'Normal', 'No tone', -999L]"
2008_002116.jpg,"[' person', ' dog', nan, nan, nan, 20.1660203933, 'low', ' person', nan, 'No Target', 'Normal', 'No tone', -999L]"
2011_001605.jpg,"[' pottedplant', ' person', ' motorbike', nan, nan, 34.4160054333, 'high', ' pottedplant', ' bird', 'Target Absent', 'Normal', 'No tone', -999L]"
2008_005490.jpg,"[' person', ' sofa', nan, nan, nan, 13.4141262808, 'low', ' sofa', nan, 'No Target', 'Normal', 'No tone', -999L]"
2010_005170.jpg,"[' person', ' chair', ' diningtable', ' sofa', nan, 30.9164667664, 'high', ' sofa', nan, 'No Target', 'Critical', 'tone1', 559L]"
2009_000716.jpg,"[' cat', nan, nan, nan, nan, 20.5373535376, 'low', ' cat', nan, 'No Target', 'Normal', 'No tone', -999L]"
2011_002509.jpg,"[' person', ' chair', ' tvmonitor', nan, nan, 28.894989564, 'high', ' chair', nan, 'No Target', 'Normal', 'No tone', -999L]"
2010_001856.jpg,"[' person', ' horse', nan, nan, nan, 35.6691324556, 'high', ' horse', nan, 'No Target', 'Critical', 'tone1', 659L]"
2008_004459.jpg,"[' person', ' sofa', nan, nan, nan, 31.1244371666, 'high', ' sofa', nan, 'No Target', 'Normal', 'No tone', -999L]"
2008_000219.jpg,"[' horse', nan, nan, nan, nan, 19.5981311751, 'low', ' horse', nan, 'No Target', 'Normal', 'No tone', -999L]"
2010_005628.jpg,"[' pottedplant', ' person', ' chair', ' dog', nan, 34.0997901784, 'high', ' dog', nan, 'No Target', 'Normal', 'No tone', -999L]"
2011_001800.jpg,"[' person', ' aeroplane', nan, nan, nan, 30.9530432899, 'high', ' aeroplane', nan, 'No Target', 'Normal', 'No tone', -999L]"
2008_006841.jpg,"[' sofa', ' chair', ' person', nan, nan, 30.035339131799997, 'high', ' sofa', nan, 'No Target', 'Normal', 'No tone', -999L]"
2010_004423.jpg,"[' aeroplane', nan, nan, nan, nan, 29.739677956100003, 'high', ' aeroplane', nan, 'No Target', 'Normal', 'No tone', -999L]"
2008_004624.jpg,"[' horse', nan, nan, nan, nan, 13.8796340974, 'low', ' horse', nan, 'No Target', 'Normal', 'No tone', -999L]"
2008_002372.jpg,"[' bottle', nan, nan, nan, nan, 14.5933368773, 'low', ' bottle', nan, 'No Target', 'Critical', 'tone1', 400L]"
2008_000115.jpg,"[' chair', ' cat', nan, nan, nan, 17.570654058, 'low', ' chair', nan, 'No Target', 'Normal', 'No tone', -999L]"
2008_000705.jpg,"[' person', ' bottle', nan, nan, nan, 30.958055456100002, 'high', ' bottle', nan, 'No Target', 'Normal', 'No tone', -999L]"
2009_002374.jpg,"[' chair', nan, nan, nan, nan, 20.1385595655, 'low', ' chair', ' chair', 'Target Present', 'Normal', 'No tone', -999L]"
2008_000183.jpg,"[' dog', nan, nan, nan, nan, 19.7552861872, 'low', ' dog', nan, 'No Target', 'Normal', 'No tone', -999L]"
2010_001159.jpg,"[' bird', nan, nan, nan, nan, 14.3433467925, 'low', ' bird', ' dog', 'Target Absent', 'Normal', 'No tone', -999L]"
2008_006870.jpg,"[' person', ' dog', nan, nan, nan, 30.6573416004, 'high', ' dog', nan, 'No Target', 'Normal', 'No tone', -999L]"
2010_001829.jpg,"[' horse', nan, nan, nan, nan, 19.2344013367, 'low', ' horse', nan, 'No Target', 'Normal', 'No tone', -999L]"
2008_002037.jpg,"[' person', ' dog', nan, nan, nan, 30.2020358311, 'high', ' dog', nan, 'No Target', 'Normal', 'No tone', -999L]"
2010_006023.jpg,"[' aeroplane', nan, nan, nan, nan, 12.5365727841, 'low', ' aeroplane', nan, 'No Target', 'Normal', 'No tone', -999L]"
2009_004262.jpg,"[' horse', nan, nan, nan, nan, 19.7648364082, 'low', ' horse', nan, 'No Target', 'Normal', 'No tone', -999L]"
2008_002864.jpg,"[' person', ' diningtable', ' bottle', nan, nan, 36.4850555133, 'high', ' bottle', nan, 'No Target', 'Normal', 'No tone', -999L]"
2009_002998.jpg,"[' sofa', nan, nan, nan, nan, 20.956307286199998, 'low', ' sofa', nan, 'No Target', 'Normal', 'No tone', -999L]"
2009_000629.jpg,"[' tvmonitor', ' chair', nan, nan, nan, 34.7763437145, 'high', ' chair', ' chair', 'Target Present', 'Normal', 'No tone', -999L]"
2011_000514.jpg,"[' pottedplant', nan, nan, nan, nan, 18.031537449400002, 'low', ' pottedplant', nan, 'No Target', 'Normal', 'No tone', -999L]"
2008_001278.jpg,"[' person', ' horse', nan, nan, nan, 32.4805318568, 'high', ' horse', nan, 'No Target', 'Normal', 'No tone', -999L]"
2008_008470.jpg,"[' sofa', ' chair', ' diningtable', nan, nan, 30.346694199499996, 'high', ' chair', nan, 'No Target', 'Critical', 'tone2', 513L]"
2008_000740.jpg,"[' person', nan, nan, nan, nan, 21.0107127174, 'low', ' person', nan, 'No Target', 'Normal', 'No tone', -999L]"
2010_005391.jpg,"[' dog', nan, nan, nan, nan, 18.6088037047, 'low', ' dog', ' dog', 'Target Present', 'Normal', 'No tone', -999L]"
2008_000928.jpg,"[' person', nan, nan, nan, nan, 30.996977820799998, 'high', ' person', nan, 'No Target', 'Normal', 'No tone', -999L]"
2009_004154.jpg,"[' person', ' chair', ' diningtable', ' bottle', nan, 29.6229142798, 'high', ' bottle', nan, 'No Target', 'Normal', 'No tone', -999L]"
2011_002911.jpg,"[' bottle', ' dog', ' diningtable', nan, nan, 21.034646910899998, 'low', ' bottle', nan, 'No Target', 'Critical', 'tone1', 856L]"
2009_002803.jpg,"[' dog', nan, nan, nan, nan, 20.1944336287, 'low', ' dog', nan, 'No Target', 'Normal', 'No tone', -999L]"
2008_003587.jpg,"[' person', ' dog', nan, nan, nan, 19.7933761126, 'low', ' person', nan, 'No Target', 'Normal', 'No tone', -999L]"
2008_001210.jpg,"[' cat', nan, nan, nan, nan, 29.2469761744, 'high', ' cat', ' car', 'Target Absent', 'Normal', 'No tone', -999L]"
2010_003453.jpg,"[' car', nan, nan, nan, nan, 17.7316960995, 'low', ' car', nan, 'No Target', 'Critical', 'tone1', 398L]"
2011_001432.jpg,"[' bird', nan, nan, nan, nan, 19.7355923527, 'low', ' bird', nan, 'No Target', 'Normal', 'No tone', -999L]"
2008_000541.jpg,"[' person', ' sofa', nan, nan, nan, 29.6390102391, 'high', ' person', nan, 'No Target', 'Normal', 'No tone', -999L]"
2009_004225.jpg,"[' cat', nan, nan, nan, nan, 12.7290334447, 'low', ' cat', ' cat', 'Target Present', 'Normal', 'No tone', -999L]"
2010_005101.jpg,"[' aeroplane', nan, nan, nan, nan, 13.350033322, 'low', ' aeroplane', nan, 'No Target', 'Normal', 'No tone', -999L]"
2008_000112.jpg,"[' bottle', ' cat', nan, nan, nan, 21.259829756400002, 'low', ' bottle', ' bottle', 'Target Present', 'Normal', 'No tone', -999L]"
2008_004482.jpg,"[' person', ' bicycle', ' car', nan, nan, 30.8916722198, 'high', ' person', nan, 'No Target', 'Normal', 'No tone', -999L]"
2009_005044.jpg,"[' bottle', nan, nan, nan, nan, 15.713624833399999, 'low', ' bottle', nan, 'No Target', 'Normal', 'No tone', -999L]"
2008_005735.jpg,"[' cat', nan, nan, nan, nan, 13.6859936467, 'low', ' cat', ' cat', 'Target Present', 'Normal', 'No tone', -999L]"
2008_004270.jpg,"[' person', ' sofa', nan, nan, nan, 19.2440358751, 'low', ' sofa', ' bird', 'Target Absent', 'Normal', 'No tone', -999L]"
2008_000912.jpg,"[' horse', nan, nan, nan, nan, 18.5058834477, 'low', ' horse', nan, 'No Target', 'Normal', 'No tone', -999L]"
2010_001434.jpg,"[' sofa', ' chair', nan, nan, nan, 31.2605400033, 'high', ' sofa', nan, 'No Target', 'Normal', 'No tone', -999L]"
2009_004283.jpg,"[' pottedplant', ' sofa', nan, nan, nan, 29.042488868099998, 'high', ' sofa', nan, 'No Target', 'Normal', 'No tone', -999L]"
2011_002260.jpg,"[' chair', nan, nan, nan, nan, 30.096920358400002, 'high', ' chair', nan, 'No Target', 'Normal', 'No tone', -999L]"
2008_002379.jpg,"[' pottedplant', ' chair', ' diningtable', nan, nan, 17.13857605, 'low', ' pottedplant', nan, 'No Target', 'Normal', 'No tone', -999L]"
2010_002775.jpg,"[' dog', nan, nan, nan, nan, 29.7778405817, 'high', ' dog', nan, 'No Target', 'Normal', 'No tone', -999L]"
2010_003890.jpg,"[' horse', nan, nan, nan, nan, 19.8038988384, 'low', ' horse', nan, 'No Target', 'Normal', 'No tone', -999L]"
2009_002697.jpg,"[' horse', nan, nan, nan, nan, 19.789006071, 'low', ' horse', nan, 'No Target', 'Critical', 'tone2', 521L]"
2009_004849.jpg,"[' person', ' chair', ' motorbike', nan, nan, 31.774239269899997, 'high', ' chair', ' dog', 'Target Absent', 'Normal', 'No tone', -999L]"
2011_001198.jpg,"[' sofa', ' dog', nan, nan, nan, 16.6984985954, 'low', ' sofa', nan, 'No Target', 'Normal', 'No tone', -999L]"
2010_000536.jpg,"[' cat', nan, nan, nan, nan, 31.5416643744, 'high', ' cat', nan, 'No Target', 'Normal', 'No tone', -999L]"
2008_005728.jpg,"[' dog', nan, nan, nan, nan, 19.8900886516, 'low', ' dog', nan, 'No Target', 'Normal', 'No tone', -999L]"
2008_000833.jpg,"[' car', ' boat', ' person', nan, nan, 32.7592674188, 'high', ' boat', nan, 'No Target', 'Normal', 'No tone', -999L]"
2008_007048.jpg,"[' chair', ' diningtable', nan, nan, nan, 20.017308322999998, 'low', ' chair', nan, 'No Target', 'Normal', 'No tone', -999L]"
2008_007704.jpg,"[' chair', ' diningtable', ' bottle', nan, nan, 20.0381198786, 'low', ' bottle', nan, 'No Target', 'Normal', 'No tone', -999L]"
2010_003419.jpg,"[' bird', nan, nan, nan, nan, 28.6670652044, 'high', ' bird', nan, 'No Target', 'Normal', 'No tone', -999L]"
2010_003746.jpg,"[' car', ' dog', ' person', nan, nan, 21.0201592114, 'low', ' car', nan, 'No Target', 'Normal', 'No tone', -999L]"
2011_001139.jpg,"[' chair', ' bird', ' diningtable', nan, nan, 29.361755720300003, 'high', ' bird', nan, 'No Target', 'Critical', 'tone1', 393L]"
2009_001568.jpg,"[' dog', nan, nan, nan, nan, 17.1025902592, 'low', ' dog', nan, 'No Target', 'Normal', 'No tone', -999L]"
2010_000750.jpg,"[' pottedplant', nan, nan, nan, nan, 11.902212339, 'low', ' pottedplant', nan, 'No Target', 'Normal', 'No tone', -999L]"
2010_000792.jpg,"[' person', ' bottle', nan, nan, nan, 29.276302306599998, 'high', ' bottle', nan, 'No Target', 'Normal', 'No tone', -999L]"
2010_002183.jpg,"[' person', ' horse', nan, nan, nan, 34.5575771686, 'high', ' horse', nan, 'No Target', 'Normal', 'No tone', -999L]"
2009_003338.jpg,"[' person', ' horse', nan, nan, nan, 30.1308980286, 'high', ' horse', ' person', 'Target Absent', 'Normal', 'No tone', -999L]"
2008_001479.jpg,"[' dog', nan, nan, nan, nan, 13.411221053399998, 'low', ' dog', nan, 'No Target', 'Critical', 'tone2', 511L]"
2008_004814.jpg,"[' person', ' bottle', nan, nan, nan, 19.8690992474, 'low', ' bottle', nan, 'No Target', 'Normal', 'No tone', -999L]"
2008_000105.jpg,"[' car', nan, nan, nan, nan, 19.4531673546, 'low', ' car', nan, 'No Target', 'Normal', 'No tone', -999L]"
2008_006121.jpg,"[' person', ' boat', nan, nan, nan, 30.3841872714, 'high', ' boat', ' sofa', 'Target Absent', 'Normal', 'No tone', -999L]"
2010_005996.jpg,"[' pottedplant', ' person', ' train', nan, nan, 29.106006376, 'high', ' pottedplant', nan, 'No Target', 'Critical', 'tone2', 292L]"
2008_001617.jpg,"[' person', ' chair', nan, nan, nan, 20.2241395445, 'low', ' person', nan, 'No Target', 'Normal', 'No tone', -999L]"
2009_001782.jpg,"[' car', nan, nan, nan, nan, 18.8741562324, 'low', ' car', nan, 'No Target', 'Normal', 'No tone', -999L]"
2010_003490.jpg,"[' horse', nan, nan, nan, nan, 31.5148858229, 'high', ' horse', nan, 'No Target', 'Normal', 'No tone', -999L]"
2010_004425.jpg,"[' sofa', ' cat', nan, nan, nan, 18.288477341900002, 'low', ' sofa', nan, 'No Target', 'Normal', 'No tone', -999L]"
2008_005519.jpg,"[' pottedplant', ' person', ' chair', ' diningtable', nan, 31.520687613899998, 'high', ' pottedplant', ' cat', 'Target Absent', 'Normal', 'No tone', -999L]"
2010_005608.jpg,"[' bird', nan, nan, nan, nan, 29.2726546025, 'high', ' bird', nan, 'No Target', 'Normal', 'No tone', -999L]"
2008_001542.jpg,"[' horse', nan, nan, nan, nan, 18.4142557544, 'low', ' horse', nan, 'No Target', 'Normal', 'No tone', -999L]"
2010_002283.jpg,"[' horse', nan, nan, nan, nan, 18.0578252839, 'low', ' horse', ' horse', 'Target Present', 'Normal', 'No tone', -999L]"
2008_005345.jpg,"[' pottedplant', nan, nan, nan, nan, 16.5204763708, 'low', ' pottedplant', nan, 'No Target', 'Critical', 'tone2', 394L]"
2010_005885.jpg,"[' dog', nan, nan, nan, nan, 20.0746861318, 'low', ' dog', nan, 'No Target', 'Normal', 'No tone', -999L]"
2009_003993.jpg,"[' bird', nan, nan, nan, nan, 20.7578853634, 'low', ' bird', ' bird', 'Target Present', 'Normal', 'No tone', -999L]"
2010_001586.jpg,"[' person', ' train', ' sofa', nan, nan, 31.6511564428, 'high', ' sofa', nan, 'No Target', 'Normal', 'No tone', -999L]"
2008_003283.jpg,"[' person', ' horse', nan, nan, nan, 30.0880459272, 'high', ' horse', nan, 'No Target', 'Normal', 'No tone', -999L]"
2010_002956.jpg,"[' bottle', nan, nan, nan, nan, 16.5988748608, 'low', ' bottle', nan, 'No Target', 'Normal', 'No tone', -999L]"
2011_000434.jpg,"[' sofa', ' person', ' tvmonitor', nan, nan, 31.149256416500002, 'high', ' sofa', nan, 'No Target', 'Normal', 'No tone', -999L]"
2009_002439.jpg,"[' person', ' cat', nan, nan, nan, 20.1398778052, 'low', ' person', nan, 'No Target', 'Critical', 'tone1', 78L]"
2008_004042.jpg,"[' bird', nan, nan, nan, nan, 31.397027824200002, 'high', ' bird', nan, 'No Target', 'Normal', 'No tone', -999L]"
2008_001694.jpg,"[' pottedplant', ' sofa', ' chair', nan, nan, 18.5118878018, 'low', ' pottedplant', nan, 'No Target', 'Critical', 'tone2', 821L]"
2008_004661.jpg,"[' pottedplant', ' sofa', ' chair', ' diningtable', ' tvmonitor', 29.2474832664, 'high', ' pottedplant', nan, 'No Target', 'Normal', 'No tone', -999L]"
2010_005437.jpg,"[' car', nan, nan, nan, nan, 20.4871667265, 'low', ' car', nan, 'No Target', 'Normal', 'No tone', -999L]"
2008_000860.jpg,"[' cat', nan, nan, nan, nan, 29.4014511321, 'high', ' cat', nan, 'No Target', 'Normal', 'No tone', -999L]"
2008_005845.jpg,"[' dog', nan, nan, nan, nan, 28.9618169808, 'high', ' dog', nan, 'No Target', 'Critical', 'tone1', 677L]"
2009_000919.jpg,"[' boat', nan, nan, nan, nan, 19.2535195999, 'low', ' boat', nan, 'No Target', 'Normal', 'No tone', -999L]"
2011_000070.jpg,"[' sofa', nan, nan, nan, nan, 16.900856696800002, 'low', ' sofa', nan, 'No Target', 'Normal', 'No tone', -999L]"
2010_002498.jpg,"[' person', ' boat', nan, nan, nan, 17.9977484701, 'low', ' boat', nan, 'No Target', 'Normal', 'No tone', -999L]"
2008_002789.jpg,"[' person', ' chair', ' diningtable', ' bottle', nan, 33.8235501143, 'high', ' chair', nan, 'No Target', 'Normal', 'No tone', -999L]"
2008_005869.jpg,"[' person', ' bottle', nan, nan, nan, 17.2428434908, 'low', ' bottle', nan, 'No Target', 'Normal', 'No tone', -999L]"
2008_008681.jpg,"[' car', ' train', nan, nan, nan, 30.208842852199997, 'high', ' car', nan, 'No Target', 'Normal', 'No tone', -999L]"
2010_002379.jpg,"[' pottedplant', nan, nan, nan, nan, 19.895720118, 'low', ' pottedplant', nan, 'No Target', 'Normal', 'No tone', -999L]"
2008_005750.jpg,"[' aeroplane', nan, nan, nan, nan, 29.201869461199998, 'high', ' aeroplane', nan, 'No Target', 'Normal', 'No tone', -999L]"
2009_002521.jpg,"[' bottle', nan, nan, nan, nan, 20.832521553299998, 'low', ' bottle', nan, 'No Target', 'Normal', 'No tone', -999L]"
2008_002350.jpg,"[' bird', nan, nan, nan, nan, 29.814920313600002, 'high', ' bird', nan, 'No Target', 'Normal', 'No tone', -999L]"
2010_000616.jpg,"[' cat', nan, nan, nan, nan, 18.1350968389, 'low', ' cat', nan, 'No Target', 'Normal', 'No tone', -999L]"
2008_001238.jpg,"[' sofa', ' dog', nan, nan, nan, 21.0012272781, 'low', ' sofa', nan, 'No Target', 'Normal', 'No tone', -999L]"
2009_002325.jpg,"[' sofa', ' chair', nan, nan, nan, 19.8364916302, 'low', ' sofa', nan, 'No Target', 'Normal', 'No tone', -999L]"
2008_007913.jpg,"[' person', ' cat', nan, nan, nan, 32.265109083, 'high', ' cat', nan, 'No Target', 'Normal', 'No tone', -999L]"
2008_007143.jpg,"[' boat', nan, nan, nan, nan, 33.4946134203, 'high', ' boat', nan, 'No Target', 'Normal', 'No tone', -999L]"
2009_001975.jpg,"[' pottedplant', nan, nan, nan, nan, 17.4930239916, 'low', ' pottedplant', nan, 'No Target', 'Normal', 'No tone', -999L]"
2008_000952.jpg,"[' car', nan, nan, nan, nan, 19.7592559984, 'low', ' car', nan, 'No Target', 'Normal', 'No tone', -999L]"
2010_001988.jpg,"[' bird', nan, nan, nan, nan, 15.2538714929, 'low', ' bird', nan, 'No Target', 'Critical', 'tone2', 481L]"
2008_007527.jpg,"[' tvmonitor', ' chair', nan, nan, nan, 32.384814141599996, 'high', ' chair', nan, 'No Target', 'Normal', 'No tone', -999L]"
2009_004779.jpg,"[' cat', nan, nan, nan, nan, 19.096252345699998, 'low', ' cat', nan, 'No Target', 'Normal', 'No tone', -999L]"
2011_001886.jpg,"[' boat', nan, nan, nan, nan, 19.6857522998, 'low', ' boat', nan, 'No Target', 'Normal', 'No tone', -999L]"
2008_003844.jpg,"[' car', ' motorbike', ' person', nan, nan, 31.4087219554, 'high', ' car', nan, 'No Target', 'Normal', 'No tone', -999L]"
2009_002711.jpg,"[' car', ' person', nan, nan, nan, 17.8563056621, 'low', ' car', nan, 'No Target', 'Normal', 'No tone', -999L]"
2008_000191.jpg,"[' person', ' bicycle', ' boat', nan, nan, 34.3190516078, 'high', ' boat', nan, 'No Target', 'Normal', 'No tone', -999L]"
2011_002453.jpg,"[' pottedplant', nan, nan, nan, nan, 19.2497613741, 'low', ' pottedpl