2008_007091.jpg,"[' sofa', ' person', nan, nan, nan, 31.051868344899997, 'high', ' sofa', nan, 'No Target', 'Normal', 'No tone', -999, 'No spacebar', 'No timing', 'Na', 'Na', 'Na', 0, 5]"
2008_004412.jpg,"[' chair', nan, nan, nan, nan, 20.4132537158, 'low', ' chair', ' chair', 'Target Present', 'Normal', 'No tone', -999, 'No spacebar', 'No timing', 'q', 2.347, -999, 52, 4]"
2008_007274.jpg,"[' dog', nan, nan, nan, nan, 16.693372571699999, 'low', ' dog', nan, 'No Target', 'Normal', 'No tone', -999, 'No spacebar', 'No timing', 'Na', 'Na', 'Na', 29, 1]"
2010_003329.jpg,"[' bottle', nan, nan, nan, nan, 20.965775321900001, 'low', ' bottle', nan, 'No Target', 'Normal', 'No tone', -999, 'No spacebar', 'No timing', 'Na', 'Na', 'Na', 23, 1]"
2011_001624.jpg,"[' aeroplane', nan, nan, nan, nan, 20.559862456800001, 'low', ' aeroplane', nan, 'No Target', 'Normal', 'No tone', -999, 'No spacebar', 'No timing', 'Na', 'Na', 'Na', 51, 4]"
2008_003709.jpg,"[' sofa', nan, nan, nan, nan, 15.7792493869, 'low', ' sofa', nan, 'No Target', 'Critical', 'tone2', 672, 'No spacebar', 'No timing', 'Na', 'Na', 'Na', 10, 4]"
2008_001098.jpg,"[' person', nan, nan, nan, nan, 15.903696109, 'low', ' person', nan, 'No Target', 'Normal', 'No tone', -999, 'No spacebar', 'No timing', 'Na', 'Na', 'Na', 15, 4]"
2008_000697.jpg,"[' bird', nan, nan, nan, nan, 32.065095855500005, 'high', ' bird', nan, 'No Target', 'Normal', 'No tone', -999, 'No spacebar', 'No timing', 'Na', 'Na', 'Na', 7, 5]"
2009_003802.jpg,"[' car', ' bicycle', ' motorbike', nan, nan, 29.678013923000002, 'high', ' car', nan, 'No Target', 'Critical', 'tone2', 746, 'No spacebar', 'No timing', 'Na', 'Na', 'Na', 5, 2]"
2011_001656.jpg,"[' horse', nan, nan, nan, nan, 19.156547420300001, 'low', ' horse', nan, 'No Target', 'Normal', 'No tone', -999, 'No spacebar', 'No timing', 'Na', 'Na', 'Na', 40, 7]"
2008_005673.jpg,"[' cat', nan, nan, nan, nan, 18.686905104699999, 'low', ' cat', nan, 'No Target', 'Normal', 'No tone', -999, 'No spacebar', 'No timing', 'Na', 'Na', 'Na', 51, 7]"
2009_002571.jpg,"[' pottedplant', ' sofa', ' chair', ' diningtable', nan, 28.968465057500001, 'high', ' sofa', nan, 'No Target', 'Normal', 'No tone', -999, 'No spacebar', 'No timing', 'Na', 'Na', 'Na', 12, 5]"
2008_003449.jpg,"[' boat', nan, nan, nan, nan, 34.708650155000001, 'high', ' boat', nan, 'No Target', 'Normal', 'No tone', -999, 'No spacebar', 'No timing', 'Na', 'Na', 'Na', 20, 5]"
2009_003084.jpg,"[' boat', nan, nan, nan, nan, 20.074715872599999, 'low', ' boat', nan, 'No Target', 'Normal', 'No tone', -999, 'No spacebar', 'No timing', 'Na', 'Na', 'Na', 28, 7]"
2008_003180.jpg,"[' dog', nan, nan, nan, nan, 31.5378571257, 'high', ' dog', nan, 'No Target', 'Normal', 'No tone', -999, 'No spacebar', 'No timing', 'Na', 'Na', 'Na', 2, 8]"
2010_005718.jpg,"[' car', ' aeroplane', nan, nan, nan, 32.224520766600001, 'high', ' aeroplane', nan, 'No Target', 'Normal', 'No tone', -999, 'No spacebar', 'No timing', 'Na', 'Na', 'Na', 24, 3]"
2008_007423.jpg,"[' bird', nan, nan, nan, nan, 33.647398005599996, 'high', ' bird', ' bird', 'Target Present', 'Normal', 'No tone', -999, 'No spacebar', 'No timing', 'q', 2.287, -999, 0, 3]"
2008_006481.jpg,"[' bird', ' boat', nan, nan, nan, 29.314233598000001, 'high', ' bird', nan, 'No Target', 'Normal', 'No tone', -999, 'No spacebar', 'No timing', 'Na', 'Na', 'Na', 44, 3]"
2008_002704.jpg,"[' car', nan, nan, nan, nan, 19.439939384599999, 'low', ' car', nan, 'No Target', 'Normal', 'No tone', -999, 'No spacebar', 'No timing', 'Na', 'Na', 'Na', 50, 7]"
2011_002241.jpg,"[' chair', ' diningtable', nan, nan, nan, 18.117802795100001, 'low', ' chair', nan, 'No Target', 'Normal', 'No tone', -999, 'space', -4.944477943157835, 'Na', 'Na', 'Na', 0, 7]"
2011_001649.jpg,"[' person', ' chair', nan, nan, nan, 34.707170809499999, 'high', ' chair', nan, 'No Target', 'Normal', 'No tone', -999, 'space', 0.1427090968572884, 'Na', 'Na', 'Na', 24, 8]"
2011_002814.jpg,"[' sofa', ' bottle', ' pottedplant', ' tvmonitor', ' chair', 33.937775623900002, 'high', ' pottedplant', nan, 'No Target', 'Normal', 'No tone', -999, 'No spacebar', 'No timing', 'Na', 'Na', 'Na', 16, 3]"
2008_004614.jpg,"[' car', ' bus', ' person', nan, nan, 31.3051357692, 'high', ' car', nan, 'No Target', 'Normal', 'No tone', -999, 'No spacebar', 'No timing', 'Na', 'Na', 'Na', 11, 5]"
2008_000839.jpg,"[' cat', nan, nan, nan, nan, 16.456101242199999, 'low', ' cat', nan, 'No Target', 'Normal', 'No tone', -999, 'No spacebar', 'No timing', 'Na', 'Na', 'Na', 15, 6]"
2008_004188.jpg,"[' person', ' dog', nan, nan, nan, 37.006387262200001, 'high', ' dog', nan, 'No Target', 'Normal', 'No tone', -999, 'No spacebar', 'No timing', 'Na', 'Na', 'Na', 46, 5]"
2008_007043.jpg,"[' sofa', ' person', nan, nan, nan, 33.279582355800002, 'high', ' sofa', nan, 'No Target', 'Normal', 'No tone', -999, 'No spacebar', 'No timing', 'Na', 'Na', 'Na', 22, 5]"
2008_001185.jpg,"[' bird', nan, nan, nan, nan, 18.5230242662, 'low', ' bird', nan, 'No Target', 'Normal', 'No tone', -999, 'No spacebar', 'No timing', 'Na', 'Na', 'Na', 40, 4]"
2011_000824.jpg,"[' cat', nan, nan, nan, nan, 31.779858819499999, 'high', ' cat', nan, 'No Target', 'Critical', 'tone2', 256, 'space', 1.0214357578734052, 'Na', 'Na', 'Na', 18, 2]"
2008_005123.jpg,"[' dog', nan, nan, nan, nan, 19.5706622561, 'low', ' dog', ' person', 'Target Absent', 'Normal', 'No tone', -999, 'No spacebar', 'No timing', 'p', 2.318, -999, 8, 1]"
2008_003461.jpg,"[' person', ' horse', nan, nan, nan, 30.927210339999998, 'high', ' horse', nan, 'No Target', 'Normal', 'No tone', -999, 'No spacebar', 'No timing', 'Na', 'Na', 'Na', 56, 2]"
2008_003755.jpg,"[' car', ' dog', ' person', nan, nan, 29.763552134600001, 'high', ' person', ' person', 'Target Present', 'Normal', 'No tone', -999, 'No spacebar', 'No timing', 'q', 2.06, -999, 26, 8]"
2009_002749.jpg,"[' bottle', nan, nan, nan, nan, 20.963643076300002, 'low', ' bottle', nan, 'No Target', 'Normal', 'No tone', -999, 'space', 0.04343971100024646, 'Na', 'Na', 'Na', 11, 4]"
2009_003530.jpg,"[' person', ' horse', nan, nan, nan, 20.529451477199999, 'low', ' person', ' car', 'Target Absent', 'Normal', 'No tone', -999, 'No spacebar', 'No timing', 'p', 2.601, -999, 56, 1]"
2008_005600.jpg,"[' person', ' cat', nan, nan, nan, 30.2265163794, 'high', ' cat', nan, 'No Target', 'Normal', 'No tone', -999, 'No spacebar', 'No timing', 'Na', 'Na', 'Na', 9, 5]"
2009_000488.jpg,"[' pottedplant', ' tvmonitor', ' cat', nan, nan, 31.670447198400002, 'high', ' cat', nan, 'No Target', 'Normal', 'No tone', -999, 'No spacebar', 'No timing', 'Na', 'Na', 'Na', 23, 5]"
2011_000293.jpg,"[' car', nan, nan, nan, nan, 9.1563902861600006, 'low', ' car', nan, 'No Target', 'Normal', 'No tone', -999, 'No spacebar', 'No timing', 'Na', 'Na', 'Na', 39, 4]"
2008_002773.jpg,"[' aeroplane', ' boat', nan, nan, nan, 29.2873494446, 'high', ' aeroplane', nan, 'No Target', 'Critical', 'tone2', 841, 'No spacebar', 'No timing', 'Na', 'Na', 'Na', 52, 5]"
2011_001335.jpg,"[' person', ' horse', nan, nan, nan, 33.334972468700002, 'high', ' horse', nan, 'No Target', 'Normal', 'No tone', -999, 'No spacebar', 'No timing', 'Na', 'Na', 'Na', 10, 2]"
2009_003209.jpg,"[' dog', nan, nan, nan, nan, 18.981598230300001, 'low', ' dog', ' horse', 'Target Absent', 'Normal', 'No tone', -999, 'No spacebar', 'No timing', 'p', 2.97, -999, 7, 7]"
2008_003805.jpg,"[' person', ' horse', nan, nan, nan, 29.8753620717, 'high', ' horse', nan, 'No Target', 'Normal', 'No tone', -999, 'No spacebar', 'No timing', 'Na', 'Na', 'Na', 8, 3]"
2008_005347.jpg,"[' chair', ' bottle', nan, nan, nan, 30.424873887299999, 'high', ' chair', nan, 'No Target', 'Normal', 'No tone', -999, 'No spacebar', 'No timing', 'Na', 'Na', 'Na', 36, 5]"
2010_001118.jpg,"[' bus', ' car', nan, nan, nan, 39.116317372200001, 'high', ' car', nan, 'No Target', 'Normal', 'No tone', -999, 'No spacebar', 'No timing', 'Na', 'Na', 'Na', 12, 2]"
2008_000488.jpg,"[' pottedplant', ' car', nan, nan, nan, 30.612693177600001, 'high', ' car', ' chair', 'Target Absent', 'Normal', 'No tone', -999, 'No spacebar', 'No timing', 'p', 3.013, -999, 44, 2]"
2008_000734.jpg,"[' person', ' sofa', nan, nan, nan, 20.185339334400002, 'low', ' sofa', nan, 'No Target', 'Normal', 'No tone', -999, 'No spacebar', 'No timing', 'Na', 'Na', 'Na', 52, 6]"
2010_001939.jpg,"[' tvmonitor', ' diningtable', ' cat', nan, nan, 29.842922502699999, 'high', ' cat', nan, 'No Target', 'Normal', 'No tone', -999, 'No spacebar', 'No timing', 'Na', 'Na', 'Na', 45, 2]"
2011_001221.jpg,"[' pottedplant', ' person', ' chair', ' diningtable', ' boat', 35.3836335373, 'high', ' pottedplant', nan, 'No Target', 'Normal', 'No tone', -999, 'No spacebar', 'No timing', 'Na', 'Na', 'Na', 56, 3]"
2008_004670.jpg,"[' sofa', ' chair', nan, nan, nan, 32.351474209999999, 'high', ' chair', ' chair', 'Target Present', 'Normal', 'No tone', -999, 'No spacebar', 'No timing', 'q', 2.849, -999, 10, 8]"
2009_003373.jpg,"[' sofa', ' tvmonitor', nan, nan, nan, 15.574047189200002, 'low', ' sofa', nan, 'No Target', 'Normal', 'No tone', -999, 'No spacebar', 'No timing', 'Na', 'Na', 'Na', 57, 6]"
2008_006703.jpg,"[' aeroplane', nan, nan, nan, nan, 20.885436604100001, 'low', ' aeroplane', nan, 'No Target', 'Normal', 'No tone', -999, 'No spacebar', 'No timing', 'Na', 'Na', 'Na', 4, 7]"
2011_000548.jpg,"[' bird', ' cow', nan, nan, nan, 30.961221004099997, 'high', ' bird', nan, 'No Target', 'Normal', 'No tone', -999, 'No spacebar', 'No timing', 'Na', 'Na', 'Na', 27, 2]"
2011_002558.jpg,"[' person', ' boat', nan, nan, nan, 16.146154778, 'low', ' boat', nan, 'No Target', 'Critical', 'tone2', 305, 'space', 1.2111992911377456, 'Na', 'Na', 'Na', 15, 1]"
2010_003579.jpg,"[' chair', ' cat', nan, nan, nan, 29.798629151999997, 'high', ' cat', nan, 'No Target', 'Normal', 'No tone', -999, 'No spacebar', 'No timing', 'Na', 'Na', 'Na', 4, 8]"
2011_001880.jpg,"[' aeroplane', nan, nan, nan, nan, 32.202764020700002, 'high', ' aeroplane', nan, 'No Target', 'Normal', 'No tone', -999, 'No spacebar', 'No timing', 'Na', 'Na', 'Na', 29, 8]"
2010_001993.jpg,"[' car', ' person', nan, nan, nan, 21.0529768239, 'low', ' car', ' boat', 'Target Absent', 'Normal', 'No tone', -999, 'No spacebar', 'No timing', 'p', 3.367, -999, 35, 4]"
2008_007842.jpg,"[' cat', nan, nan, nan, nan, 20.606085537799999, 'low', ' cat', nan, 'No Target', 'Normal', 'No tone', -999, 'No spacebar', 'No timing', 'Na', 'Na', 'Na', 29, 7]"
2009_004414.jpg,"[' aeroplane', nan, nan, nan, nan, 35.972960084, 'high', ' aeroplane', nan, 'No Target', 'Normal', 'No tone', -999, 'No spacebar', 'No timing', 'Na', 'Na', 'Na', 17, 3]"
2008_000634.jpg,"[' person', nan, nan, nan, nan, 21.235359811600002, 'low', ' person', nan, 'No Target', 'Normal', 'No tone', -999, 'No spacebar', 'No timing', 'Na', 'Na', 'Na', 26, 1]"
2009_001021.jpg,"[' pottedplant', ' sofa', ' chair', nan, nan, 31.427287996, 'high', ' sofa', nan, 'No Target', 'Normal', 'No tone', -999, 'No spacebar', 'No timing', 'Na', 'Na', 'Na', 5, 8]"
2009_003309.jpg,"[' aeroplane', nan, nan, nan, nan, 19.095995737700001, 'low', ' aeroplane', ' aeroplane', 'Target Present', 'Normal', 'No tone', -999, 'No spacebar', 'No timing', 'q', 2.757, -999, 49, 6]"
2010_004223.jpg,"[' person', ' chair', nan, nan, nan, 16.606806579200001, 'low', ' person', nan, 'No Target', 'Normal', 'No tone', -999, 'No spacebar', 'No timing', 'Na', 'Na', 'Na', 13, 4]"
2009_004888.jpg,"[' person', ' boat', nan, nan, nan, 16.651242460500001, 'low', ' boat', ' boat', 'Target Present', 'Normal', 'No tone', -999, 'No spacebar', 'No timing', 'q', 2.911, -999, 7, 1]"
2010_003911.jpg,"[' boat', nan, nan, nan, nan, 20.084302536999999, 'low', ' boat', nan, 'No Target', 'Normal', 'No tone', -999, 'No spacebar', 'No timing', 'Na', 'Na', 'Na', 57, 1]"
2010_005785.jpg,"[' car', nan, nan, nan, nan, 16.1970358254, 'low', ' car', nan, 'No Target', 'Critical', 'tone1', 736, 'No spacebar', 'No timing', 'Na', 'Na', 'Na', 19, 7]"
2011_002303.jpg,"[' car', ' person', nan, nan, nan, 20.695714607399999, 'low', ' car', nan, 'No Target', 'Normal', 'No tone', -999, 'No spacebar', 'No timing', 'Na', 'Na', 'Na', 37, 1]"
2010_003861.jpg,"[' pottedplant', ' person', ' chair', ' sofa', ' cat', 29.727129597299999, 'high', ' cat', nan, 'No Target', 'Normal', 'No tone', -999, 'No spacebar', 'No timing', 'Na', 'Na', 'Na', 22, 3]"
2008_008359.jpg,"[' aeroplane', nan, nan, nan, nan, 14.1064450151, 'low', ' aeroplane', nan, 'No Target', 'Normal', 'No tone', -999, 'space', 0.33825693202379625, 'Na', 'Na', 'Na', 9, 6]"
2009_005308.jpg,"[' bottle', nan, nan, nan, nan, 21.116301747200001, 'low', ' bottle', nan, 'No Target', 'Normal', 'No tone', -999, 'No spacebar', 'No timing', 'Na', 'Na', 'Na', 24, 6]"
2009_000120.jpg,"[' boat', nan, nan, nan, nan, 30.806089134400001, 'high', ' boat', nan, 'No Target', 'Normal', 'No tone', -999, 'No spacebar', 'No timing', 'Na', 'Na', 'Na', 13, 3]"
2011_003066.jpg,"[' person', ' chair', ' diningtable', ' bottle', nan, 33.734529116799997, 'high', ' chair', nan, 'No Target', 'Normal', 'No tone', -999, 'No spacebar', 'No timing', 'Na', 'Na', 'Na', 21, 3]"
2008_001836.jpg,"[' cat', nan, nan, nan, nan, 20.463883689500001, 'low', ' cat', nan, 'No Target', 'Normal', 'No tone', -999, 'No spacebar', 'No timing', 'Na', 'Na', 'Na', 4, 1]"
2010_000090.jpg,"[' chair', ' dog', nan, nan, nan, 13.8367101522, 'low', ' chair', ' horse', 'Target Absent', 'Critical', 'tone2', 427, 'space', 1.2553340648883022, 'q', 3.511, -999, 46, 4]"
2008_000885.jpg,"[' person', ' diningtable', ' bottle', nan, nan, 33.4619040834, 'high', ' person', nan, 'No Target', 'Normal', 'No tone', -999, 'No spacebar', 'No timing', 'Na', 'Na', 'Na', 1, 3]"
2008_001862.jpg,"[' pottedplant', ' person', ' chair', ' dog', ' bottle', 31.058049570100003, 'high', ' dog', nan, 'No Target', 'Normal', 'No tone', -999, 'No spacebar', 'No timing', 'Na', 'Na', 'Na', 13, 2]"
2010_002393.jpg,"[' boat', nan, nan, nan, nan, 20.131411086500002, 'low', ' boat', nan, 'No Target', 'Normal', 'No tone', -999, 'No spacebar', 'No timing', 'Na', 'Na', 'Na', 5, 4]"
2009_001774.jpg,"[' sofa', ' dog', nan, nan, nan, 16.142562620899998, 'low', ' dog', nan, 'No Target', 'Normal', 'No tone', -999, 'No spacebar', 'No timing', 'Na', 'Na', 'Na', 10, 7]"
2008_000251.jpg,"[' car', ' aeroplane', nan, nan, nan, 35.872179407899999, 'high', ' aeroplane', nan, 'No Target', 'Normal', 'No tone', -999, 'No spacebar', 'No timing', 'Na', 'Na', 'Na', 1, 8]"
2008_003635.jpg,"[' person', ' diningtable', ' bottle', nan, nan, 36.156012963599998, 'high', ' bottle', nan, 'No Target', 'Normal', 'No tone', -999, 'No spacebar', 'No timing', 'Na', 'Na', 'Na', 57, 8]"
2009_004076.jpg,"[' sofa', ' dog', nan, nan, nan, 15.5533931509, 'low', ' sofa', nan, 'No Target', 'Normal', 'No tone', -999, 'No spacebar', 'No timing', 'Na', 'Na', 'Na', 21, 6]"
2008_005978.jpg,"[' person', ' bicycle', nan, nan, nan, 18.237768236500003, 'low', ' person', nan, 'No Target', 'Normal', 'No tone', -999, 'No spacebar', 'No timing', 'Na', 'Na', 'Na', 22, 4]"
2008_002904.jpg,"[' dog', nan, nan, nan, nan, 17.190044648200001, 'low', ' dog', nan, 'No Target', 'Normal', 'No tone', -999, 'No spacebar', 'No timing', 'Na', 'Na', 'Na', 17, 4]"
2009_005075.jpg,"[' aeroplane', nan, nan, nan, nan, 20.2722047516, 'low', ' aeroplane', nan, 'No Target', 'Normal', 'No tone', -999, 'No spacebar', 'No timing', 'Na', 'Na', 'Na', 13, 7]"
2008_004893.jpg,"[' bird', nan, nan, nan, nan, 8.0628364927800007, 'low', ' bird', nan, 'No Target', 'Normal', 'No tone', -999, 'No spacebar', 'No timing', 'Na', 'Na', 'Na', 42, 4]"
2008_000381.jpg,"[' person', ' chair', nan, nan, nan, 29.779906614400002, 'high', ' chair', nan, 'No Target', 'Normal', 'No tone', -999, 'No spacebar', 'No timing', 'Na', 'Na', 'Na', 11, 8]"
2008_008607.jpg,"[' aeroplane', nan, nan, nan, nan, 32.020689907399998, 'high', ' aeroplane', nan, 'No Target', 'Normal', 'No tone', -999, 'No spacebar', 'No timing', 'Na', 'Na', 'Na', 2, 2]"
2008_008263.jpg,"[' aeroplane', nan, nan, nan, nan, 17.350665469399999, 'low', ' aeroplane', nan, 'No Target', 'Normal', 'No tone', -999, 'No spacebar', 'No timing', 'Na', 'Na', 'Na', 18, 7]"
2008_006998.jpg,"[' person', nan, nan, nan, nan, 18.716529005199998, 'low', ' person', nan, 'No Target', 'Normal', 'No tone', -999, 'No spacebar', 'No timing', 'Na', 'Na', 'Na', 38, 1]"
2008_004633.jpg,"[' bird', nan, nan, nan, nan, 30.068803282800001, 'high', ' bird', nan, 'No Target', 'Normal', 'No tone', -999, 'No spacebar', 'No timing', 'Na', 'Na', 'Na', 28, 3]"
2008_006844.jpg,"[' person', ' dog', ' car', nan, nan, 33.0948850029, 'high', ' dog', nan, 'No Target', 'Critical', 'tone2', 738, 'No spacebar', 'No timing', 'Na', 'Na', 'Na', 2, 5]"
2008_005526.jpg,"[' person', ' boat', nan, nan, nan, 31.261037639200001, 'high', ' boat', nan, 'No Target', 'Normal', 'No tone', -999, 'No spacebar', 'No timing', 'Na', 'Na', 'Na', 45, 5]"
2009_003705.jpg,"[' person', ' aeroplane', nan, nan, nan, 29.547306113600001, 'high', ' aeroplane', ' dog', 'Target Absent', 'Normal', 'No tone', -999, 'No spacebar', 'No timing', 'p', 3.159, -999, 23, 3]"
2008_004487.jpg,"[' chair', ' bottle', nan, nan, nan, 35.925064893399998, 'high', ' chair', nan, 'No Target', 'Normal', 'No tone', -999, 'No spacebar', 'No timing', 'Na', 'Na', 'Na', 44, 8]"
2011_001591.jpg,"[' person', ' boat', nan, nan, nan, 17.698167132000002, 'low', ' boat', nan, 'No Target', 'Normal', 'No tone', -999, 'No spacebar', 'No timing', 'Na', 'Na', 'Na', 46, 7]"
2010_002645.jpg,"[' cat', nan, nan, nan, nan, 20.850125265300001, 'low', ' cat', ' pottedplant', 'Target Absent', 'Normal', 'No tone', -999, 'No spacebar', 'No timing', 'p', 3.199, -999, 34, 7]"
2010_003729.jpg,"[' pottedplant', ' car', ' chair', ' bicycle', ' person', 30.133244112800003, 'high', ' pottedplant', nan, 'No Target', 'Normal', 'No tone', -999, 'No spacebar', 'No timing', 'Na', 'Na', 'Na', 39, 2]"
2010_004014.jpg,"[' car', nan, nan, nan, nan, 18.597981681700002, 'low', ' car', ' sofa', 'Target Absent', 'Normal', 'No tone', -999, 'No spacebar', 'No timing', 'q', 3.834, -999, 40, 1]"
2008_005903.jpg,"[' bird', nan, nan, nan, nan, 18.015668887499999, 'low', ' bird', nan, 'No Target', 'Normal', 'No tone', -999, 'No spacebar', 'No timing', 'Na', 'Na', 'Na', 28, 1]"
2010_004753.jpg,"[' chair', ' cat', nan, nan, nan, 16.654865888, 'low', ' chair', nan, 'No Target', 'Normal', 'No tone', -999, 'No spacebar', 'No timing', 'Na', 'Na', 'Na', 35, 1]"
2010_002472.jpg,"[' cat', nan, nan, nan, nan, 32.6606639512, 'high', ' cat', ' cat', 'Target Present', 'Normal', 'No tone', -999, 'No spacebar', 'No timing', 'q', 2.102, -999, 26, 3]"
2008_007378.jpg,"[' chair', ' dog', ' diningtable', nan, nan, 29.611440342800002, 'high', ' dog', nan, 'No Target', 'Normal', 'No tone', -999, 'No spacebar', 'No timing', 'Na', 'Na', 'Na', 24, 2]"
2010_000229.jpg,"[' aeroplane', nan, nan, nan, nan, 14.3418947369, 'low', ' aeroplane', nan, 'No Target', 'Normal', 'No tone', -999, 'No spacebar', 'No timing', 'Na', 'Na', 'Na', 23, 7]"
2008_000760.jpg,"[' chair', nan, nan, nan, nan, 19.646066025100001, 'low', ' chair', nan, 'No Target', 'Normal', 'No tone', -999, 'No spacebar', 'No timing', 'Na', 'Na', 'Na', 37, 4]"
2010_004683.jpg,"[' pottedplant', ' dog', nan, nan, nan, 28.663633475200001, 'high', ' pottedplant', nan, 'No Target', 'Normal', 'No tone', -999, 'No spacebar', 'No timing', 'Na', 'Na', 'Na', 57, 5]"
2008_008506.jpg,"[' bird', nan, nan, nan, nan, 18.837863956300001, 'low', ' bird', nan, 'No Target', 'Critical', 'tone1', 227, 'space', 0.8602901074409601, 'Na', 'Na', 'Na', 12, 7]"
2009_002414.jpg,"[' bird', nan, nan, nan, nan, 29.7427866823, 'high', ' bird', nan, 'No Target', 'Normal', 'No tone', -999, 'No spacebar', 'No timing', 'Na', 'Na', 'Na', 37, 8]"
2009_000087.jpg,"[' sofa', nan, nan, nan, nan, 19.8923896955, 'low', ' sofa', nan, 'No Target', 'Critical', 'tone2', 364, 'space', 1.2161274513564422, 'Na', 'Na', 'Na', 16, 7]"
2008_003378.jpg,"[' car', ' chair', ' bicycle', nan, nan, 29.730810134799999, 'high', ' car', nan, 'No Target', 'Normal', 'No tone', -999, 'No spacebar', 'No timing', 'Na', 'Na', 'Na', 23, 2]"
2011_001991.jpg,"[' boat', nan, nan, nan, nan, 34.047146905300004, 'high', ' boat', nan, 'No Target', 'Critical', 'tone2', 107, 'space', 0.97994495947205, 'Na', 'Na', 'Na', 43, 8]"
2008_000093.jpg,"[' tvmonitor', ' chair', ' sofa', nan, nan, 29.822033003800001, 'high', ' sofa', nan, 'No Target', 'Critical', 'tone1', 268, 'space', 1.1718934643868124, 'Na', 'Na', 'Na', 43, 5]"
2010_003101.jpg,"[' pottedplant', nan, nan, nan, nan, 19.252734908000001, 'low', ' pottedplant', nan, 'No Target', 'Normal', 'No tone', -999, 'No spacebar', 'No timing', 'Na', 'Na', 'Na', 2, 7]"
2008_006784.jpg,"[' sofa', nan, nan, nan, nan, 17.055909373399999, 'low', ' sofa', ' aeroplane', 'Target Absent', 'Normal', 'No tone', -999, 'No spacebar', 'No timing', 'p', 2.715, -999, 33, 6]"
2008_004646.jpg,"[' person', ' aeroplane', nan, nan, nan, 32.014973550299999, 'high', ' aeroplane', ' aeroplane', 'Target Present', 'Normal', 'No tone', -999, 'No spacebar', 'No timing', 'q', 2.088, -999, 17, 8]"
2008_000984.jpg,"[' person', nan, nan, nan, nan, 30.748885654899997, 'high', ' person', nan, 'No Target', 'Normal', 'No tone', -999, 'No spacebar', 'No timing', 'Na', 'Na', 'Na', 17, 2]"
2008_008395.jpg,"[' person', ' horse', nan, nan, nan, 19.912301015299999, 'low', ' horse', nan, 'No Target', 'Normal', 'No tone', -999, 'No spacebar', 'No timing', 'Na', 'Na', 'Na', 26, 7]"
2009_001137.jpg,"[' pottedplant', ' person', nan, nan, nan, 13.786733463599999, 'low', ' pottedplant', nan, 'No Target', 'Normal', 'No tone', -999, 'No spacebar', 'No timing', 'Na', 'Na', 'Na', 28, 4]"
2008_000972.jpg,"[' person', ' sofa', nan, nan, nan, 20.7078777754, 'low', ' sofa', nan, 'No Target', 'Normal', 'No tone', -999, 'No spacebar', 'No timing', 'Na', 'Na', 'Na', 45, 1]"
2010_005106.jpg,"[' person', ' aeroplane', nan, nan, nan, 30.242937209299999, 'high', ' aeroplane', nan, 'No Target', 'Normal', 'No tone', -999, 'No spacebar', 'No timing', 'Na', 'Na', 'Na', 28, 5]"
2011_001834.jpg,"[' chair', nan, nan, nan, nan, 13.7274387367, 'low', ' chair', nan, 'No Target', 'Normal', 'No tone', -999, 'No spacebar', 'No timing', 'Na', 'Na', 'Na', 21, 7]"
2010_001731.jpg,"[' chair', nan, nan, nan, nan, 9.9553684007100003, 'low', ' chair', nan, 'No Target', 'Normal', 'No tone', -999, 'No spacebar', 'No timing', 'Na', 'Na', 'Na', 53, 7]"
2010_006033.jpg,"[' car', nan, nan, nan, nan, 32.977395883299998, 'high', ' car', nan, 'No Target', 'Normal', 'No tone', -999, 'No spacebar', 'No timing', 'Na', 'Na', 'Na', 21, 5]"
2010_000815.jpg,"[' cat', nan, nan, nan, nan, 30.306707617199997, 'high', ' cat', ' cat', 'Target Present', 'Critical', 'tone1', 140, 'No spacebar', 'No timing', 'q', 2.108, -999, 5, 5]"
2011_001613.jpg,"[' person', ' boat', nan, nan, nan, 17.516941478699998, 'low', ' boat', nan, 'No Target', 'Normal', 'No tone', -999, 'No spacebar', 'No timing', 'Na', 'Na', 'Na', 43, 7]"
2008_006452.jpg,"[' dog', nan, nan, nan, nan, 16.137458117200001, 'low', ' dog', nan, 'No Target', 'Normal', 'No tone', -999, 'No spacebar', 'No timing', 'Na', 'Na', 'Na', 3, 4]"
2008_007057.jpg,"[' dog', nan, nan, nan, nan, 40.773121275100003, 'high', ' dog', nan, 'No Target', 'Normal', 'No tone', -999, 'No spacebar', 'No timing', 'Na', 'Na', 'Na', 8, 8]"
2011_000530.jpg,"[' pottedplant', ' sofa', ' chair', ' diningtable', nan, 29.806819625700001, 'high', ' sofa', nan, 'No Target', 'Normal', 'No tone', -999, 'No spacebar', 'No timing', 'Na', 'Na', 'Na', 27, 5]"
2009_002594.jpg,"[' bottle', nan, nan, nan, nan, 19.096237359500002, 'low', ' bottle', nan, 'No Target', 'Critical', 'tone2', 631, 'No spacebar', 'No timing', 'Na', 'Na', 'Na', 12, 1]"
2008_005818.jpg,"[' horse', nan, nan, nan, nan, 29.084159041900001, 'high', ' horse', ' horse', 'Target Present', 'Normal', 'No tone', -999, 'No spacebar', 'No timing', 'q', 2.338, -999, 10, 3]"
2010_000132.jpg,"[' pottedplant', nan, nan, nan, nan, 19.906276626, 'low', ' pottedplant', ' dog', 'Target Absent', 'Normal', 'No tone', -999, 'No spacebar', 'No timing', 'p', 5.369, -999, 58, 4]"
2008_000495.jpg,"[' tvmonitor', ' chair', ' bottle', nan, nan, 32.179769174999997, 'high', ' bottle', ' bottle', 'Target Present', 'Normal', 'No tone', -999, 'No spacebar', 'No timing', 'p', 2.491, -999, 58, 5]"
2010_002702.jpg,"[' person', ' boat', ' car', nan, nan, 35.704708934899998, 'high', ' boat', nan, 'No Target', 'Normal', 'No tone', -999, 'No spacebar', 'No timing', 'Na', 'Na', 'Na', 14, 2]"
2011_001440.jpg,"[' pottedplant', ' sofa', nan, nan, nan, 31.624523840799998, 'high', ' pottedplant', nan, 'No Target', 'Normal', 'No tone', -999, 'space', 0.293391458595579, 'Na', 'Na', 'Na', 53, 3]"
2010_003400.jpg,"[' car', nan, nan, nan, nan, 11.740304537, 'low', ' car', nan, 'No Target', 'Normal', 'No tone', -999, 'No spacebar', 'No timing', 'Na', 'Na', 'Na', 7, 4]"
2008_005720.jpg,"[' bus', ' boat', ' car', nan, nan, 34.403914620100004, 'high', ' boat', nan, 'No Target', 'Normal', 'No tone', -999, 'No spacebar', 'No timing', 'Na', 'Na', 'Na', 35, 3]"
2008_008229.jpg,"[' person', ' horse', nan, nan, nan, 33.702921971900004, 'high', ' horse', nan, 'No Target', 'Normal', 'No tone', -999, 'No spacebar', 'No timing', 'Na', 'Na', 'Na', 18, 3]"
2008_001576.jpg,"[' tvmonitor', ' chair', ' person', nan, nan, 31.7947294031, 'high', ' person', nan, 'No Target', 'Normal', 'No tone', -999, 'No spacebar', 'No timing', 'Na', 'Na', 'Na', 33, 8]"
2010_001682.jpg,"[' person', ' chair', ' diningtable', ' bottle', nan, 33.4787504727, 'high', ' bottle', nan, 'No Target', 'Normal', 'No tone', -999, 'No spacebar', 'No timing', 'Na', 'Na', 'Na', 40, 2]"
2008_002887.jpg,"[' person', ' boat', nan, nan, nan, 34.287988652999999, 'high', ' boat', nan, 'No Target', 'Normal', 'No tone', -999, 'No spacebar', 'No timing', 'Na', 'Na', 'Na', 59, 2]"
2011_001304.jpg,"[' tvmonitor', ' chair', ' sofa', nan, nan, 37.223815804499999, 'high', ' sofa', nan, 'No Target', 'Normal', 'No tone', -999, 'No spacebar', 'No timing', 'Na', 'Na', 'Na', 8, 2]"
2009_001470.jpg,"[' sofa', ' dog', nan, nan, nan, 19.188834185400001, 'low', ' sofa', nan, 'No Target', 'Normal', 'No tone', -999, 'No spacebar', 'No timing', 'Na', 'Na', 'Na', 20, 1]"
2008_008083.jpg,"[' person', ' boat', nan, nan, nan, 18.6424504286, 'low', ' person', nan, 'No Target', 'Normal', 'No tone', -999, 'No spacebar', 'No timing', 'Na', 'Na', 'Na', 56, 7]"
2008_000192.jpg,"[' bird', nan, nan, nan, nan, 29.176311484999999, 'high', ' bird', nan, 'No Target', 'Normal', 'No tone', -999, 'No spacebar', 'No timing', 'Na', 'Na', 'Na', 53, 8]"
2010_001645.jpg,"[' person', ' diningtable', ' bottle', nan, nan, 38.972642388899999, 'high', ' bottle', nan, 'No Target', 'Critical', 'tone2', 300, 'space', 0.988196762627922, 'Na', 'Na', 'Na', 37, 2]"
2009_002306.jpg,"[' boat', nan, nan, nan, nan, 30.065266395500004, 'high', ' boat', nan, 'No Target', 'Normal', 'No tone', -999, 'No spacebar', 'No timing', 'Na', 'Na', 'Na', 45, 8]"
2008_006663.jpg,"[' person', ' bottle', ' diningtable', nan, nan, 29.775484130999999, 'high', ' bottle', nan, 'No Target', 'Normal', 'No tone', -999, 'No spacebar', 'No timing', 'Na', 'Na', 'Na', 32, 2]"
2009_000466.jpg,"[' cat', nan, nan, nan, nan, 30.954010715700001, 'high', ' cat', nan, 'No Target', 'Normal', 'No tone', -999, 'No spacebar', 'No timing', 'Na', 'Na', 'Na', 14, 8]"
2008_002709.jpg,"[' boat', ' cow', nan, nan, nan, 29.659407124299999, 'high', ' boat', ' boat', 'Target Present', 'Normal', 'No tone', -999, 'No spacebar', 'No timing', 'p', 2.583, -999, 46, 2]"
2010_001908.jpg,"[' person', ' dog', nan, nan, nan, 18.2814006101, 'low', ' dog', nan, 'No Target', 'Normal', 'No tone', -999, 'No spacebar', 'No timing', 'Na', 'Na', 'Na', 43, 1]"
2008_002736.jpg,"[' person', ' diningtable', ' bottle', nan, nan, 36.414042237700002, 'high', ' bottle', nan, 'No Target', 'Critical', 'tone1', 765, 'No spacebar', 'No timing', 'Na', 'Na', 'Na', 52, 3]"
2011_001025.jpg,"[' pottedplant', ' person', ' bicycle', ' car', nan, 33.367152749799999, 'high', ' pottedplant', nan, 'No Target', 'Critical', 'tone1', 620, 'No spacebar', 'No timing', 'Na', 'Na', 'Na', 23, 8]"
2010_001907.jpg,"[' person', ' chair', ' diningtable', nan, nan, 20.561279009300002, 'low', ' chair', nan, 'No Target', 'Critical', 'tone1', 509, 'space', 1.2482021167161292, 'Na', 'Na', 'Na', 25, 4]"
2008_002195.jpg,"[' person', ' aeroplane', nan, nan, nan, 30.480361756599997, 'high', ' aeroplane', nan, 'No Target', 'Critical', 'tone1', 65, 'space', 0.8791865200037137, 'Na', 'Na', 'Na', 12, 3]"
2008_007108.jpg,"[' pottedplant', ' dog', nan, nan, nan, 29.851834352399997, 'high', ' dog', nan, 'No Target', 'Critical', 'tone1', 474, 'space', 1.2433175761107123, 'Na', 'Na', 'Na', 46, 8]"
2008_004036.jpg,"[' person', ' motorbike', nan, nan, nan, 19.446156687599998, 'low', ' person', ' cat', 'Target Absent', 'Normal', 'No tone', -999, 'No spacebar', 'No timing', 'p', 2.476, -999, 48, 7]"
2010_000613.jpg,"[' horse', nan, nan, nan, nan, 20.8855839237, 'low', ' horse', ' chair', 'Target Absent', 'Normal', 'No tone', -999, 'No spacebar', 'No timing', 'p', 2.176, -999, 2, 4]"
2010_001271.jpg,"[' chair', ' diningtable', nan, nan, nan, 20.7351456906, 'low', ' chair', ' sofa', 'Target Absent', 'Normal', 'No tone', -999, 'No spacebar', 'No timing', 'p', 3.258, -999, 18, 6]"
2010_003287.jpg,"[' tvmonitor', ' chair', ' person', nan, nan, 20.155193047200001, 'low', ' chair', nan, 'No Target', 'Normal', 'No tone', -999, 'No spacebar', 'No timing', 'Na', 'Na', 'Na', 12, 4]"
2010_000109.jpg,"[' cat', nan, nan, nan, nan, 21.194101616099999, 'low', ' cat', nan, 'No Target', 'Normal', 'No tone', -999, 'No spacebar', 'No timing', 'Na', 'Na', 'Na', 54, 1]"
2008_003193.jpg,"[' person', nan, nan, nan, nan, 39.794110226100003, 'high', ' person', nan, 'No Target', 'Normal', 'No tone', -999, 'No spacebar', 'No timing', 'Na', 'Na', 'Na', 50, 2]"
2008_001283.jpg,"[' pottedplant', ' person', ' bird', nan, nan, 32.325935045900003, 'high', ' bird', nan, 'No Target', 'Normal', 'No tone', -999, 'No spacebar', 'No timing', 'Na', 'Na', 'Na', 48, 2]"
2011_002555.jpg,"[' person', ' horse', nan, nan, nan, 29.265462464999999, 'high', ' horse', nan, 'No Target', 'Normal', 'No tone', -999, 'No spacebar', 'No timing', 'Na', 'Na', 'Na', 35, 5]"
2009_000067.jpg,"[' person', nan, nan, nan, nan, 29.639296311199999, 'high', ' person', ' aeroplane', 'Target Absent', 'Normal', 'No tone', -999, 'No spacebar', 'No timing', 'p', 2.705, -999, 1, 2]"
2008_006072.jpg,"[' bottle', nan, nan, nan, nan, 18.259900940799998, 'low', ' bottle', nan, 'No Target', 'Normal', 'No tone', -999, 'No spacebar', 'No timing', 'Na', 'Na', 'Na', 28, 6]"
2008_000270.jpg,"[' person', ' dog', ' sofa', nan, nan, 29.9356183869, 'high', ' dog', nan, 'No Target', 'Normal', 'No tone', -999, 'No spacebar', 'No timing', 'Na', 'Na', 'Na', 42, 8]"
2009_000760.jpg,"[' pottedplant', ' chair', ' diningtable', nan, nan, 34.177834247699998, 'high', ' pottedplant', ' pottedplant', 'Target Present', 'Normal', 'No tone', -999, 'No spacebar', 'No timing', 'q', 3.083, -999, 43, 3]"
2010_000074.jpg,"[' person', ' dog', nan, nan, nan, 32.142427134899997, 'high', ' dog', nan, 'No Target', 'Normal', 'No tone', -999, 'No spacebar', 'No timing', 'Na', 'Na', 'Na', 48, 3]"
2008_001673.jpg,"[' person', ' chair', ' bird', nan, nan, 29.630121226999997, 'high', ' bird', nan, 'No Target', 'Normal', 'No tone', -999, 'No spacebar', 'No timing', 'Na', 'Na', 'Na', 55, 2]"
2011_001959.jpg,"[' bird', nan, nan, nan, nan, 9.57686770874, 'low', ' bird', nan, 'No Target', 'Normal', 'No tone', -999, 'No spacebar', 'No timing', 'Na', 'Na', 'Na', 14, 7]"
2008_007970.jpg,"[' person', ' aeroplane', nan, nan, nan, 30.073041629000002, 'high', ' aeroplane', nan, 'No Target', 'Normal', 'No tone', -999, 'No spacebar', 'No timing', 'Na', 'Na', 'Na', 25, 5]"
2008_006461.jpg,"[' bird', nan, nan, nan, nan, 31.18243026, 'high', ' bird', nan, 'No Target', 'Normal', 'No tone', -999, 'No spacebar', 'No timing', 'Na', 'Na', 'Na', 24, 5]"
2009_002817.jpg,"[' pottedplant', nan, nan, nan, nan, 19.540506870000002, 'low', ' pottedplant', ' pottedplant', 'Target Present', 'Normal', 'No tone', -999, 'No spacebar', 'No timing', 'q', 2.277, -999, 34, 6]"
2008_005472.jpg,"[' person', ' car', nan, nan, nan, 28.839741748600002, 'high', ' person', nan, 'No Target', 'Normal', 'No tone', -999, 'No spacebar', 'No timing', 'Na', 'Na', 'Na', 28, 8]"
2011_000224.jpg,"[' sofa', nan, nan, nan, nan, 17.3166460371, 'low', ' sofa', nan, 'No Target', 'Normal', 'No tone', -999, 'No spacebar', 'No timing', 'Na', 'Na', 'Na', 17, 7]"
2009_000169.jpg,"[' person', ' horse', ' car', nan, nan, 20.9345998577, 'low', ' horse', nan, 'No Target', 'Normal', 'No tone', -999, 'space', 0.22821549910440808, 'Na', 'Na', 'Na', 3, 1]"
2008_000798.jpg,"[' bird', nan, nan, nan, nan, 29.594597886300001, 'high', ' bird', nan, 'No Target', 'Normal', 'No tone', -999, 'No spacebar', 'No timing', 'Na', 'Na', 'Na', 17, 5]"
2008_006216.jpg,"[' person', ' aeroplane', nan, nan, nan, 31.885877800399999, 'high', ' aeroplane', nan, 'No Target', 'Normal', 'No tone', -999, 'No spacebar', 'No timing', 'Na', 'Na', 'Na', 29, 3]"
2008_003701.jpg,"[' boat', nan, nan, nan, nan, 29.957199221500002, 'high', ' boat', nan, 'No Target', 'Normal', 'No tone', -999, 'No spacebar', 'No timing', 'Na', 'Na', 'Na', 57, 3]"
2009_004737.jpg,"[' chair', nan, nan, nan, nan, 16.985442334600002, 'low', ' chair', nan, 'No Target', 'Normal', 'No tone', -999, 'space', 0.0687935358582763, 'Na', 'Na', 'Na', 30, 4]"
2008_002897.jpg,"[' pottedplant', ' person', nan, nan, nan, 36.595770973500002, 'high', ' pottedplant', nan, 'No Target', 'Normal', 'No tone', -999, 'No spacebar', 'No timing', 'Na', 'Na', 'Na', 8, 5]"
2010_005270.jpg,"[' person', ' horse', ' dog', nan, nan, 31.372459998699998, 'high', ' horse', nan, 'No Target', 'Critical', 'tone1', 784, 'No spacebar', 'No timing', 'Na', 'Na', 'Na', 40, 3]"
2008_007250.jpg,"[' bird', nan, nan, nan, nan, 31.892125506700001, 'high', ' bird', nan, 'No Target', 'Normal', 'No tone', -999, 'No spacebar', 'No timing', 'Na', 'Na', 'Na', 47, 8]"
2009_000260.jpg,"[' aeroplane', nan, nan, nan, nan, 20.088435845699998, 'low', ' aeroplane', nan, 'No Target', 'Normal', 'No tone', -999, 'No spacebar', 'No timing', 'Na', 'Na', 'Na', 30, 7]"
2009_002001.jpg,"[' person', ' aeroplane', nan, nan, nan, 34.5441448216, 'high', ' aeroplane', nan, 'No Target', 'Normal', 'No tone', -999, 'No spacebar', 'No timing', 'Na', 'Na', 'Na', 52, 8]"
2008_003170.jpg,"[' bird', nan, nan, nan, nan, 17.167558060299999, 'low', ' bird', ' bird', 'Target Present', 'Normal', 'No tone', -999, 'No spacebar', 'No timing', 'q', 2.776, -999, 14, 4]"
2008_005046.jpg,"[' person', ' dog', nan, nan, nan, 20.712898768700001, 'low', ' dog', nan, 'No Target', 'Critical', 'tone1', 796, 'No spacebar', 'No timing', 'Na', 'Na', 'Na', 36, 6]"
2008_001333.jpg,"[' sofa', ' chair', ' bottle', ' person', nan, 29.051766794999999, 'high', ' sofa', nan, 'No Target', 'Normal', 'No tone', -999, 'No spacebar', 'No timing', 'Na', 'Na', 'Na', 59, 3]"
2008_004991.jpg,"[' person', ' bottle', nan, nan, nan, 28.916515369699997, 'high', ' bottle', nan, 'No Target', 'Normal', 'No tone', -999, 'No spacebar', 'No timing', 'Na', 'Na', 'Na', 54, 3]"
2010_004447.jpg,"[' person', ' bottle', ' sofa', nan, nan, 33.561185784700001, 'high', ' bottle', nan, 'No Target', 'Normal', 'No tone', -999, 'No spacebar', 'No timing', 'Na', 'Na', 'Na', 34, 8]"
2008_001546.jpg,"[' aeroplane', nan, nan, nan, nan, 16.876667793699998, 'low', ' aeroplane', nan, 'No Target', 'Normal', 'No tone', -999, 'No spacebar', 'No timing', 'Na', 'Na', 'Na', 53, 1]"
2008_004690.jpg,"[' bird', nan, nan, nan, nan, 30.515352761700001, 'high', ' bird', nan, 'No Target', 'Normal', 'No tone', -999, 'No spacebar', 'No timing', 'Na', 'Na', 'Na', 3, 8]"
2008_002758.jpg,"[' person', ' chair', nan, nan, nan, 33.312072728000004, 'high', ' chair', ' car', 'Target Absent', 'Normal', 'No tone', -999, 'No spacebar', 'No timing', 'p', 3.041, -999, 57, 2]"
2011_002482.jpg,"[' person', ' bottle', nan, nan, nan, 30.936879278600003, 'high', ' person', nan, 'No Target', 'Normal', 'No tone', -999, 'No spacebar', 'No timing', 'Na', 'Na', 'Na', 3, 2]"
2011_001382.jpg,"[' pottedplant', ' person', ' diningtable', ' bottle', nan, 28.939513311399999, 'high', ' pottedplant', nan, 'No Target', 'Critical', 'tone2', 120, 'No spacebar', 'No timing', 'Na', 'Na', 'Na', 31, 2]"
2010_004763.jpg,"[' chair', nan, nan, nan, nan, 33.261768177, 'high', ' chair', nan, 'No Target', 'Normal', 'No tone', -999, 'No spacebar', 'No timing', 'Na', 'Na', 'Na', 10, 5]"
2011_000282.jpg,"[' person', ' chair', ' bottle', ' diningtable', nan, 35.134856512799999, 'high', ' bottle', nan, 'No Target', 'Normal', 'No tone', -999, 'No spacebar', 'No timing', 'Na', 'Na', 'Na', 59, 8]"
2008_002504.jpg,"[' boat', nan, nan, nan, nan, 20.470663952399999, 'low', ' boat', nan, 'No Target', 'Normal', 'No tone', -999, 'No spacebar', 'No timing', 'Na', 'Na', 'Na', 51, 6]"
2009_005118.jpg,"[' boat', nan, nan, nan, nan, 28.710284354299997, 'high', ' boat', nan, 'No Target', 'Normal', 'No tone', -999, 'No spacebar', 'No timing', 'Na', 'Na', 'Na', 11, 2]"
2008_006564.jpg,"[' aeroplane', nan, nan, nan, nan, 13.513291905000001, 'low', ' aeroplane', nan, 'No Target', 'Normal', 'No tone', -999, 'No spacebar', 'No timing', 'Na', 'Na', 'Na', 11, 6]"
2008_000982.jpg,"[' car', ' person', ' bus', nan, nan, 35.069419182200001, 'high', ' car', nan, 'No Target', 'Normal', 'No tone', -999, 'No spacebar', 'No timing', 'Na', 'Na', 'Na', 34, 3]"
2008_003876.jpg,"[' aeroplane', nan, nan, nan, nan, 13.440366765599999, 'low', ' aeroplane', nan, 'No Target', 'Normal', 'No tone', -999, 'No spacebar', 'No timing', 'Na', 'Na', 'Na', 56, 4]"
2010_002349.jpg,"[' dog', nan, nan, nan, nan, 19.993102773699999, 'low', ' dog', nan, 'No Target', 'Normal', 'No tone', -999, 'No spacebar', 'No timing', 'Na', 'Na', 'Na', 1, 7]"
2008_001205.jpg,"[' person', nan, nan, nan, nan, 19.675826944100002, 'low', ' person', nan, 'No Target', 'Critical', 'tone2', 946, 'No spacebar', 'No timing', 'Na', 'Na', 'Na', 24, 1]"
2008_003575.jpg,"[' person', ' aeroplane', nan, nan, nan, 31.070624341999999, 'high', ' aeroplane', nan, 'No Target', 'Normal', 'No tone', -999, 'No spacebar', 'No timing', 'Na', 'Na', 'Na', 50, 5]"
2010_004791.jpg,"[' aeroplane', nan, nan, nan, nan, 20.1207612432, 'low', ' aeroplane', nan, 'No Target', 'Normal', 'No tone', -999, 'No spacebar', 'No timing', 'Na', 'Na', 'Na', 25, 7]"
2009_000523.jpg,"[' car', nan, nan, nan, nan, 21.181010736199998, 'low', ' car', nan, 'No Target', 'Normal', 'No tone', -999, 'No spacebar', 'No timing', 'Na', 'Na', 'Na', 6, 1]"
2008_006863.jpg,"[' person', ' chair', ' cat', nan, nan, 30.878848142399999, 'high', ' cat', nan, 'No Target', 'Normal', 'No tone', -999, 'No spacebar', 'No timing', 'Na', 'Na', 'Na', 46, 3]"
2008_005702.jpg,"[' horse', nan, nan, nan, nan, 29.281237507399997, 'high', ' horse', ' pottedplant', 'Target Absent', 'Normal', 'No tone', -999, 'No spacebar', 'No timing', 'p', 4.162, -999, 9, 3]"
2008_000457.jpg,"[' car', nan, nan, nan, nan, 36.207394561000001, 'high', ' car', nan, 'No Target', 'Normal', 'No tone', -999, 'No spacebar', 'No timing', 'Na', 'Na', 'Na', 34, 2]"
2008_000414.jpg,"[' boat', nan, nan, nan, nan, 35.947150003000004, 'high', ' boat', ' sofa', 'Target Absent', 'Normal', 'No tone', -999, 'No spacebar', 'No timing', 'p', 2.194, -999, 22, 2]"
2008_004858.jpg,"[' car', ' bicycle', ' person', nan, nan, 30.476929097600003, 'high', ' car', nan, 'No Target', 'Normal', 'No tone', -999, 'No spacebar', 'No timing', 'Na', 'Na', 'Na', 3, 3]"
2010_005257.jpg,"[' cat', nan, nan, nan, nan, 20.041574567200001, 'low', ' cat', nan, 'No Target', 'Normal', 'No tone', -999, 'No spacebar', 'No timing', 'Na', 'Na', 'Na', 57, 4]"
2011_002810.jpg,"[' pottedplant', ' tvmonitor', ' chair', ' sofa', nan, 35.636604201700003, 'high', ' pottedplant', ' horse', 'Target Absent', 'Normal', 'No tone', -999, 'No spacebar', 'No timing', 'p', 2.21, -999, 27, 3]"
2010_002742.jpg,"[' person', ' bottle', ' pottedplant', ' tvmonitor', ' chair', 31.6763857137, 'high', ' bottle', nan, 'No Target', 'Normal', 'No tone', -999, 'No spacebar', 'No timing', 'Na', 'Na', 'Na', 52, 2]"
2008_004269.jpg,"[' sofa', ' person', nan, nan, nan, 20.983298059399999, 'low', ' sofa', ' sofa', 'Target Present', 'Normal', 'No tone', -999, 'No spacebar', 'No timing', 'q', 2.637, -999, 45, 7]"
2009_003232.jpg,"[' horse', nan, nan, nan, nan, 20.957748315299998, 'low', ' horse', ' bottle', 'Target Absent', 'Normal', 'No tone', -999, 'No spacebar', 'No timing', 'q', 2.553, -999, 31, 6]"
2009_001305.jpg,"[' cat', nan, nan, nan, nan, 18.684718211700002, 'low', ' cat', nan, 'No Target', 'Normal', 'No tone', -999, 'No spacebar', 'No timing', 'Na', 'Na', 'Na', 49, 1]"
2009_000021.jpg,"[' car', ' person', nan, nan, nan, 29.008359016300002, 'high', ' car', nan, 'No Target', 'Normal', 'No tone', -999, 'space', 0.11084340646630153, 'Na', 'Na', 'Na', 6, 2]"
2008_006470.jpg,"[' chair', nan, nan, nan, nan, 21.005917005699999, 'low', ' chair', nan, 'No Target', 'Normal', 'No tone', -999, 'No spacebar', 'No timing', 'Na', 'Na', 'Na', 26, 4]"
2011_001005.jpg,"[' pottedplant', ' sofa', nan, nan, nan, 18.967722672200001, 'low', ' pottedplant', nan, 'No Target', 'Normal', 'No tone', -999, 'No spacebar', 'No timing', 'Na', 'Na', 'Na', 19, 1]"
2008_000196.jpg,"[' pottedplant', ' bicycle', ' bottle', ' cat', nan, 35.353784429899996, 'high', ' cat', nan, 'No Target', 'Normal', 'No tone', -999, 'No spacebar', 'No timing', 'Na', 'Na', 'Na', 18, 8]"
2011_002050.jpg,"[' boat', nan, nan, nan, nan, 17.331558080699999, 'low', ' boat', nan, 'No Target', 'Critical', 'tone1', 550, 'space', 1.2609726830050931, 'Na', 'Na', 'Na', 36, 1]"
2010_005572.jpg,"[' person', ' motorbike', nan, nan, nan, 31.076858313600003, 'high', ' person', nan, 'No Target', 'Normal', 'No tone', -999, 'No spacebar', 'No timing', 'Na', 'Na', 'Na', 20, 3]"
2009_001321.jpg,"[' car', ' aeroplane', nan, nan, nan, 37.937551657500002, 'high', ' aeroplane', ' aeroplane', 'Target Present', 'Normal', 'No tone', -999, 'No spacebar', 'No timing', 'q', 2.083, -999, 49, 3]"
2010_002127.jpg,"[' person', ' bottle', ' car', nan, nan, 34.313161041299999, 'high', ' car', nan, 'No Target', 'Normal', 'No tone', -999, 'No spacebar', 'No timing', 'Na', 'Na', 'Na', 51, 8]"
2011_002641.jpg,"[' person', ' chair', ' bottle', nan, nan, 33.381115383499996, 'high', ' chair', ' boat', 'Target Absent', 'Normal', 'No tone', -999, 'No spacebar', 'No timing', 'p', 3.335, -999, 35, 8]"
2009_003679.jpg,"[' pottedplant', nan, nan, nan, nan, 20.395429944300002, 'low', ' pottedplant', nan, 'No Target', 'Normal', 'No tone', -999, 'No spacebar', 'No timing', 'Na', 'Na', 'Na', 6, 4]"
2008_008097.jpg,"[' car', ' bicycle', ' motorbike', ' bus', ' person', 30.263449465700003, 'high', ' car', nan, 'No Target', 'Normal', 'No tone', -999, 'No spacebar', 'No timing', 'Na', 'Na', 'Na', 29, 2]"
2011_002098.jpg,"[' dog', ' bottle', nan, nan, nan, 41.9971447032, 'high', ' dog', ' dog', 'Target Present', 'Normal', 'No tone', -999, 'No spacebar', 'No timing', 'q', 2.411, -999, 55, 5]"
2009_000995.jpg,"[' sofa', ' person', nan, nan, nan, 31.4636772311, 'high', ' sofa', nan, 'No Target', 'Normal', 'No tone', -999, 'No spacebar', 'No timing', 'Na', 'Na', 'Na', 30, 3]"
2008_000123.jpg,"[' bird', nan, nan, nan, nan, 12.433989779300001, 'low', ' bird', nan, 'No Target', 'Normal', 'No tone', -999, 'No spacebar', 'No timing', 'Na', 'Na', 'Na', 42, 1]"
2008_000274.jpg,"[' pottedplant', ' chair', nan, nan, nan, 32.054269676300002, 'high', ' pottedplant', nan, 'No Target', 'Normal', 'No tone', -999, 'No spacebar', 'No timing', 'Na', 'Na', 'Na', 56, 8]"
2009_000565.jpg,"[' person', ' horse', nan, nan, nan, 30.530489775100001, 'high', ' horse', nan, 'No Target', 'Normal', 'No tone', -999, 'No spacebar', 'No timing', 'Na', 'Na', 'Na', 56, 5]"
2010_004175.jpg,"[' cat', nan, nan, nan, nan, 10.2366357609, 'low', ' cat', ' person', 'Target Absent', 'Normal', 'No tone', -999, 'No spacebar', 'No timing', 'p', 3.002, -999, 1, 1]"
2010_004145.jpg,"[' horse', nan, nan, nan, nan, 18.5904564306, 'low', ' horse', nan, 'No Target', 'Normal', 'No tone', -999, 'No spacebar', 'No timing', 'Na', 'Na', 'Na', 13, 1]"
2008_003369.jpg,"[' aeroplane', nan, nan, nan, nan, 15.7319627222, 'low', ' aeroplane', nan, 'No Target', 'Critical', 'tone2', 920, 'No spacebar', 'No timing', 'Na', 'Na', 'Na', 38, 6]"
2008_002145.jpg,"[' person', nan, nan, nan, nan, 18.8795575328, 'low', ' person', nan, 'No Target', 'Normal', 'No tone', -999, 'No spacebar', 'No timing', 'Na', 'Na', 'Na', 36, 7]"
2008_001040.jpg,"[' boat', nan, nan, nan, nan, 20.2100437036, 'low', ' boat', nan, 'No Target', 'Normal', 'No tone', -999, 'No spacebar', 'No timing', 'Na', 'Na', 'Na', 2, 6]"
2008_002700.jpg,"[' person', nan, nan, nan, nan, 21.051373291199997, 'low', ' person', nan, 'No Target', 'Normal', 'No tone', -999, 'No spacebar', 'No timing', 'Na', 'Na', 'Na', 55, 6]"
2010_002603.jpg,"[' person', ' chair', nan, nan, nan, 37.0529117102, 'high', ' person', nan, 'No Target', 'Normal', 'No tone', -999, 'No spacebar', 'No timing', 'Na', 'Na', 'Na', 0, 2]"
2010_005780.jpg,"[' boat', nan, nan, nan, nan, 16.846336579199999, 'low', ' boat', nan, 'No Target', 'Normal', 'No tone', -999, 'No spacebar', 'No timing', 'Na', 'Na', 'Na', 47, 7]"
2009_000059.jpg,"[' person', ' chair', nan, nan, nan, 14.4209422776, 'low', ' chair', nan, 'No Target', 'Normal', 'No tone', -999, 'No spacebar', 'No timing', 'Na', 'Na', 'Na', 14, 6]"
2008_006062.jpg,"[' tvmonitor', ' bottle', nan, nan, nan, 29.9937814283, 'high', ' bottle', nan, 'No Target', 'Normal', 'No tone', -999, 'No spacebar', 'No timing', 'Na', 'Na', 'Na', 38, 2]"
2008_007388.jpg,"[' pottedplant', ' chair', ' diningtable', nan, nan, 28.766357844499996, 'high', ' chair', nan, 'No Target', 'Normal', 'No tone', -999, 'No spacebar', 'No timing', 'Na', 'Na', 'Na', 42, 3]"
2011_000499.jpg,"[' tvmonitor', ' chair', ' sofa', nan, nan, 30.457957800399999, 'high', ' sofa', nan, 'No Target', 'Normal', 'No tone', -999, 'No spacebar', 'No timing', 'Na', 'Na', 'Na', 38, 5]"
2009_001894.jpg,"[' cat', nan, nan, nan, nan, 19.107696549900002, 'low', ' cat', nan, 'No Target', 'Normal', 'No tone', -999, 'No spacebar', 'No timing', 'Na', 'Na', 'Na', 3, 6]"
2008_000619.jpg,"[' car', ' cat', nan, nan, nan, 33.462184790500004, 'high', ' cat', ' horse', 'Target Absent', 'Normal', 'No tone', -999, 'No spacebar', 'No timing', 'q', 2.724, -999, 34, 5]"
2009_004794.jpg,"[' pottedplant', ' person', ' bottle', ' diningtable', nan, 36.665582819299999, 'high', ' pottedplant', ' pottedplant', 'Target Present', 'Normal', 'No tone', -999, 'No spacebar', 'No timing', 'p', 2.483, -999, 9, 8]"
2009_003520.jpg,"[' chair', ' diningtable', nan, nan, nan, 29.119691130300001, 'high', ' chair', nan, 'No Target', 'Normal', 'No tone', -999, 'No spacebar', 'No timing', 'Na', 'Na', 'Na', 47, 3]"
2008_000916.jpg,"[' pottedplant', ' person', ' train', nan, nan, 29.323493073200002, 'high', ' person', nan, 'No Target', 'Normal', 'No tone', -999, 'No spacebar', 'No timing', 'Na', 'Na', 'Na', 58, 2]"
2008_004607.jpg,"[' bottle', nan, nan, nan, nan, 20.465741195, 'low', ' bottle', ' bottle', 'Target Present', 'Normal', 'No tone', -999, 'No spacebar', 'No timing', 'q', 2.189, -999, 52, 7]"
2008_001221.jpg,"[' person', nan, nan, nan, nan, 18.139053151400002, 'low', ' person', nan, 'No Target', 'Normal', 'No tone', -999, 'No spacebar', 'No timing', 'Na', 'Na', 'Na', 34, 4]"
2008_004171.jpg,"[' pottedplant', nan, nan, nan, nan, 20.5841625672, 'low', ' pottedplant', nan, 'No Target', 'Normal', 'No tone', -999, 'No spacebar', 'No timing', 'Na', 'Na', 'Na', 59, 1]"
2010_004231.jpg,"[' chair', ' diningtable', nan, nan, nan, 15.830708942999999, 'low', ' chair', nan, 'No Target', 'Normal', 'No tone', -999, 'No spacebar', 'No timing', 'Na', 'Na', 'Na', 40, 6]"
2008_000321.jpg,"[' sofa', ' person', nan, nan, nan, 35.925571873199999, 'high', ' sofa', nan, 'No Target', 'Normal', 'No tone', -999, 'No spacebar', 'No timing', 'Na', 'Na', 'Na', 14, 3]"
2010_003280.jpg,"[' person', ' horse', nan, nan, nan, 20.306835318099999, 'low', ' horse', nan, 'No Target', 'Normal', 'No tone', -999, 'No spacebar', 'No timing', 'Na', 'Na', 'Na', 39, 1]"
2008_008210.jpg,"[' person', ' bicycle', ' car', nan, nan, 31.5779063964, 'high', ' car', nan, 'No Target', 'Normal', 'No tone', -999, 'No spacebar', 'No timing', 'Na', 'Na', 'Na', 7, 2]"
2009_002137.jpg,"[' bottle', nan, nan, nan, nan, 18.603518928099998, 'low', ' bottle', nan, 'No Target', 'Normal', 'No tone', -999, 'No spacebar', 'No timing', 'Na', 'Na', 'Na', 12, 6]"
2010_001451.jpg,"[' horse', nan, nan, nan, nan, 14.3004646918, 'low', ' horse', nan, 'No Target', 'Critical', 'tone1', 84, 'No spacebar', 'No timing', 'Na', 'Na', 'Na', 57, 7]"
2008_003659.jpg,"[' cat', nan, nan, nan, nan, 15.633666738699999, 'low', ' cat', nan, 'No Target', 'Critical', 'tone2', 240, 'space', 1.1080908097501379, 'Na', 'Na', 'Na', 22, 6]"
2009_004598.jpg,"[' cat', nan, nan, nan, nan, 16.656599770100001, 'low', ' cat', nan, 'No Target', 'Normal', 'No tone', -999, 'No spacebar', 'No timing', 'Na', 'Na', 'Na', 21, 4]"
2011_003074.jpg,"[' chair', nan, nan, nan, nan, 20.5088814639, 'low', ' chair', ' car', 'Target Absent', 'Normal', 'No tone', -999, 'No spacebar', 'No timing', 'q', 4.695, -999, 13, 6]"
2008_000177.jpg,"[' horse', nan, nan, nan, nan, 16.396955524199999, 'low', ' horse', nan, 'No Target', 'Normal', 'No tone', -999, 'No spacebar', 'No timing', 'Na', 'Na', 'Na', 10, 6]"
2010_002278.jpg,"[' person', ' cat', nan, nan, nan, 29.867994035100001, 'high', ' cat', nan, 'No Target', 'Normal', 'No tone', -999, 'No spacebar', 'No timing', 'Na', 'Na', 'Na', 0, 8]"
2011_000631.jpg,"[' boat', nan, nan, nan, nan, 37.706201599499998, 'high', ' boat', nan, 'No Target', 'Normal', 'No tone', -999, 'No spacebar', 'No timing', 'Na', 'Na', 'Na', 33, 5]"
2008_006912.jpg,"[' person', ' horse', nan, nan, nan, 28.936239221699999, 'high', ' horse', nan, 'No Target', 'Normal', 'No tone', -999, 'No spacebar', 'No timing', 'Na', 'Na', 'Na', 25, 2]"
2008_000119.jpg,"[' person', ' horse', nan, nan, nan, 19.1875460742, 'low', ' person', nan, 'No Target', 'Normal', 'No tone', -999, 'No spacebar', 'No timing', 'Na', 'Na', 'Na', 48, 6]"
2008_001367.jpg,"[' person', nan, nan, nan, nan, 20.358449022000002, 'low', ' person', nan, 'No Target', 'Normal', 'No tone', -999, 'No spacebar', 'No timing', 'Na', 'Na', 'Na', 45, 4]"
2011_001944.jpg,"[' dog', nan, nan, nan, nan, 31.728170063099999, 'high', ' dog', nan, 'No Target', 'Normal', 'No tone', -999, 'No spacebar', 'No timing', 'Na', 'Na', 'Na', 12, 8]"
2011_001611.jpg,"[' pottedplant', nan, nan, nan, nan, 20.3935266021, 'low', ' pottedplant', nan, 'No Target', 'Normal', 'No tone', -999, 'No spacebar', 'No timing', 'Na', 'Na', 'Na', 38, 4]"
2010_005217.jpg,"[' bird', nan, nan, nan, nan, 20.8217316307, 'low', ' bird', nan, 'No Target', 'Normal', 'No tone', -999, 'No spacebar', 'No timing', 'Na', 'Na', 'Na', 17, 6]"
2010_004778.jpg,"[' person', ' chair', ' diningtable', ' bottle', nan, 30.060591861999999, 'high', ' bottle', nan, 'No Target', 'Normal', 'No tone', -999, 'No spacebar', 'No timing', 'Na', 'Na', 'Na', 20, 2]"
2010_005542.jpg,"[' car', ' bicycle', ' person', nan, nan, 28.874416244099997, 'high', ' person', nan, 'No Target', 'Normal', 'No tone', -999, 'No spacebar', 'No timing', 'Na', 'Na', 'Na', 36, 8]"
2010_005894.jpg,"[' chair', nan, nan, nan, nan, 29.027958359099998, 'high', ' chair', nan, 'No Target', 'Normal', 'No tone', -999, 'No spacebar', 'No timing', 'Na', 'Na', 'Na', 16, 2]"
2008_007629.jpg,"[' aeroplane', nan, nan, nan, nan, 31.1423085011, 'high', ' aeroplane', nan, 'No Target', 'Normal', 'No tone', -999, 'No spacebar', 'No timing', 'Na', 'Na', 'Na', 44, 5]"
2009_005133.jpg,"[' car', nan, nan, nan, nan, 29.270464835399999, 'high', ' car', ' person', 'Target Absent', 'Normal', 'No tone', -999, 'No spacebar', 'No timing', 'q', 2.755, -999, 48, 5]"
2008_005090.jpg,"[' tvmonitor', ' sofa', ' bottle', ' person', nan, 29.608026491599997, 'high', ' bottle', ' bottle', 'Target Present', 'Normal', 'No tone', -999, 'No spacebar', 'No timing', 'p', 2.698, -999, 43, 2]"
2009_003686.jpg,"[' horse', nan, nan, nan, nan, 18.7207285432, 'low', ' horse', nan, 'No Target', 'Normal', 'No tone', -999, 'No spacebar', 'No timing', 'Na', 'Na', 'Na', 32, 1]"
2011_001001.jpg,"[' person', ' bird', ' boat', nan, nan, 31.913409738600002, 'high', ' bird', nan, 'No Target', 'Critical', 'tone1', 931, 'No spacebar', 'No timing', 'Na', 'Na', 'Na', 13, 5]"
2008_005214.jpg,"[' pottedplant', nan, nan, nan, nan, 21.217669901600001, 'low', ' pottedplant', ' pottedplant', 'Target Present', 'Normal', 'No tone', -999, 'No spacebar', 'No timing', 'q', 2.33, -999, 15, 7]"
2011_003145.jpg,"[' bird', nan, nan, nan, nan, 17.497069987500002, 'low', ' bird', nan, 'No Target', 'Normal', 'No tone', -999, 'space', 0.1708249265793711, 'Na', 'Na', 'Na', 20, 7]"
2008_006954.jpg,"[' bird', nan, nan, nan, nan, 11.957700194600001, 'low', ' bird', nan, 'No Target', 'Normal', 'No tone', -999, 'No spacebar', 'No timing', 'Na', 'Na', 'Na', 10, 1]"
2008_000163.jpg,"[' car', nan, nan, nan, nan, 18.708497724600001, 'low', ' car', nan, 'No Target', 'Normal', 'No tone', -999, 'No spacebar', 'No timing', 'Na', 'Na', 'Na', 35, 6]"
2010_001036.jpg,"[' person', ' boat', nan, nan, nan, 19.194815949999999, 'low', ' boat', nan, 'No Target', 'Normal', 'No tone', -999, 'No spacebar', 'No timing', 'Na', 'Na', 'Na', 27, 6]"
2009_000058.jpg,"[' person', ' bottle', ' diningtable', nan, nan, 34.072917550300005, 'high', ' bottle', nan, 'No Target', 'Normal', 'No tone', -999, 'space', 0.33542564895469695, 'Na', 'Na', 'Na', 21, 8]"
2010_003724.jpg,"[' person', ' bird', nan, nan, nan, 29.657389969299999, 'high', ' bird', ' bird', 'Target Present', 'Normal', 'No tone', -999, 'No spacebar', 'No timing', 'q', 2.41, -999, 30, 2]"
2011_001967.jpg,"[' bird', nan, nan, nan, nan, 13.908448224100001, 'low', ' bird', nan, 'No Target', 'Normal', 'No tone', -999, 'No spacebar', 'No timing', 'Na', 'Na', 'Na', 31, 4]"
2009_001406.jpg,"[' person', ' boat', nan, nan, nan, 19.901616892300002, 'low', ' boat', nan, 'No Target', 'Normal', 'No tone', -999, 'No spacebar', 'No timing', 'Na', 'Na', 'Na', 53, 4]"
2009_001345.jpg,"[' person', ' aeroplane', nan, nan, nan, 28.995416607399999, 'high', ' aeroplane', nan, 'No Target', 'Normal', 'No tone', -999, 'No spacebar', 'No timing', 'Na', 'Na', 'Na', 29, 5]"
2008_002119.jpg,"[' pottedplant', ' sofa', ' chair', ' tvmonitor', nan, 29.464580095599999, 'high', ' pottedplant', nan, 'No Target', 'Critical', 'tone1', 290, 'No spacebar', 'No timing', 'Na', 'Na', 'Na', 47, 2]"
2008_001495.jpg,"[' bird', nan, nan, nan, nan, 21.229485107999999, 'low', ' bird', nan, 'No Target', 'Normal', 'No tone', -999, 'No spacebar', 'No timing', 'Na', 'Na', 'Na', 34, 1]"
2009_004129.jpg,"[' chair', nan, nan, nan, nan, 11.459232377200001, 'low', ' chair', nan, 'No Target', 'Normal', 'No tone', -999, 'No spacebar', 'No timing', 'Na', 'Na', 'Na', 31, 1]"
2009_005036.jpg,"[' car', ' aeroplane', nan, nan, nan, 16.811685000600001, 'low', ' aeroplane', ' aeroplane', 'Target Present', 'Normal', 'No tone', -999, 'No spacebar', 'No timing', 'q', 2.33, -999, 48, 4]"
2008_005878.jpg,"[' bus', ' person', ' car', nan, nan, 31.1679369698, 'high', ' car', nan, 'No Target', 'Normal', 'No tone', -999, 'No spacebar', 'No timing', 'Na', 'Na', 'Na', 41, 5]"
2009_002888.jpg,"[' aeroplane', nan, nan, nan, nan, 18.000361854299999, 'low', ' aeroplane', nan, 'No Target', 'Critical', 'tone2', 523, 'space', 1.2604609366462682, 'Na', 'Na', 'Na', 20, 4]"
2008_000398.jpg,"[' person', ' bottle', nan, nan, nan, 20.423795473800002, 'low', ' bottle', nan, 'No Target', 'Normal', 'No tone', -999, 'No spacebar', 'No timing', 'Na', 'Na', 'Na', 30, 1]"
2009_002604.jpg,"[' bird', nan, nan, nan, nan, 13.6444177899, 'low', ' bird', nan, 'No Target', 'Normal', 'No tone', -999, 'No spacebar', 'No timing', 'Na', 'Na', 'Na', 41, 4]"
2009_003884.jpg,"[' chair', ' diningtable', nan, nan, nan, 28.728636261199998, 'high', ' chair', nan, 'No Target', 'Normal', 'No tone', -999, 'No spacebar', 'No timing', 'Na', 'Na', 'Na', 54, 5]"
2008_000704.jpg,"[' sofa', ' chair', ' person', nan, nan, 34.561608235999998, 'high', ' person', ' boat', 'Target Absent', 'Normal', 'No tone', -999, 'No spacebar', 'No timing', 'p', 2.189, -999, 45, 3]"
2009_004984.jpg,"[' bicycle', ' bottle', nan, nan, nan, 18.893798014400002, 'low', ' bottle', nan, 'No Target', 'Normal', 'No tone', -999, 'No spacebar', 'No timing', 'Na', 'Na', 'Na', 21, 1]"
2010_000811.jpg,"[' dog', nan, nan, nan, nan, 18.045035650599999, 'low', ' dog', nan, 'No Target', 'Normal', 'No tone', -999, 'No spacebar', 'No timing', 'Na', 'Na', 'Na', 23, 6]"
2009_004364.jpg,"[' car', ' bicycle', nan, nan, nan, 28.730946256999999, 'high', ' car', nan, 'No Target', 'Normal', 'No tone', -999, 'space', 0.17859349292848492, 'Na', 'Na', 'Na', 6, 3]"
2008_002672.jpg,"[' car', nan, nan, nan, nan, 30.394048445799999, 'high', ' car', ' car', 'Target Present', 'Normal', 'No tone', -999, 'No spacebar', 'No timing', 'q', 2.965, -999, 26, 5]"
2009_000539.jpg,"[' person', ' dog', nan, nan, nan, 29.354458493600003, 'high', ' dog', nan, 'No Target', 'Normal', 'No tone', -999, 'No spacebar', 'No timing', 'Na', 'Na', 'Na', 36, 2]"
2008_004907.jpg,"[' boat', nan, nan, nan, nan, 16.580374337799999, 'low', ' boat', nan, 'No Target', 'Normal', 'No tone', -999, 'No spacebar', 'No timing', 'Na', 'Na', 'Na', 51, 1]"
2011_001116.jpg,"[' person', ' cat', nan, nan, nan, 29.778544182699999, 'high', ' cat', nan, 'No Target', 'Normal', 'No tone', -999, 'space', 0.19748477376560913, 'Na', 'Na', 'Na', 41, 3]"
2010_002620.jpg,"[' boat', nan, nan, nan, nan, 34.967527734099995, 'high', ' boat', nan, 'No Target', 'Normal', 'No tone', -999, 'No spacebar', 'No timing', 'Na', 'Na', 'Na', 39, 3]"
2009_004594.jpg,"[' car', nan, nan, nan, nan, 19.030178152400001, 'low', ' car', ' car', 'Target Present', 'Normal', 'No tone', -999, 'No spacebar', 'No timing', 'q', 4.954, -999, 55, 1]"
2008_007745.jpg,"[' person', ' dog', nan, nan, nan, 32.9593902214, 'high', ' dog', nan, 'No Target', 'Normal', 'No tone', -999, 'No spacebar', 'No timing', 'Na', 'Na', 'Na', 37, 5]"
2009_003351.jpg,"[' pottedplant', ' person', ' chair', ' motorbike', ' boat', 31.580489902100002, 'high', ' boat', nan, 'No Target', 'Normal', 'No tone', -999, 'No spacebar', 'No timing', 'Na', 'Na', 'Na', 41, 8]"
2010_003943.jpg,"[' cat', nan, nan, nan, nan, 31.193570788800002, 'high', ' cat', nan, 'No Target', 'Normal', 'No tone', -999, 'No spacebar', 'No timing', 'Na', 'Na', 'Na', 54, 2]"
2008_000189.jpg,"[' person', ' car', nan, nan, nan, 18.390878339300002, 'low', ' car', nan, 'No Target', 'Normal', 'No tone', -999, 'No spacebar', 'No timing', 'Na', 'Na', 'Na', 0, 1]"
2010_000865.jpg,"[' person', ' train', ' car', nan, nan, 31.026856988899997, 'high', ' car', nan, 'No Target', 'Normal', 'No tone', -999, 'No spacebar', 'No timing', 'Na', 'Na', 'Na', 51, 3]"
2008_007208.jpg,"[' dog', nan, nan, nan, nan, 19.803149146999999, 'low', ' dog', nan, 'No Target', 'Normal', 'No tone', -999, 'No spacebar', 'No timing', 'Na', 'Na', 'Na', 16, 4]"
2011_000628.jpg,"[' person', ' horse', nan, nan, nan, 31.3105999235, 'high', ' horse', nan, 'No Target', 'Critical', 'tone1', 325, 'space', 0.8935858366821776, 'Na', 'Na', 'Na', 33, 2]"
2008_000940.jpg,"[' person', nan, nan, nan, nan, 20.189150337099999, 'low', ' person', ' person', 'Target Present', 'Normal', 'No tone', -999, 'No spacebar', 'No timing', 'q', 3.165, -999, 39, 7]"
2008_008628.jpg,"[' sofa', nan, nan, nan, nan, 30.980311145300004, 'high', ' sofa', ' sofa', 'Target Present', 'Normal', 'No tone', -999, 'No spacebar', 'No timing', 'q', 2.144, -999, 21, 2]"
2008_007096.jpg,"[' aeroplane', nan, nan, nan, nan, 20.158044410599999, 'low', ' aeroplane', nan, 'No Target', 'Normal', 'No tone', -999, 'No spacebar', 'No timing', 'Na', 'Na', 'Na', 18, 1]"
2009_000189.jpg,"[' sofa', ' dog', nan, nan, nan, 20.934059682099999, 'low', ' sofa', nan, 'No Target', 'Normal', 'No tone', -999, 'No spacebar', 'No timing', 'Na', 'Na', 'Na', 27, 1]"
2008_002774.jpg,"[' person', ' motorbike', nan, nan, nan, 32.123307362299997, 'high', ' person', nan, 'No Target', 'Normal', 'No tone', -999, 'space', 0.024267326036351733, 'Na', 'Na', 'Na', 32, 8]"
2009_002750.jpg,"[' person', ' horse', nan, nan, nan, 30.141763061599999, 'high', ' horse', nan, 'No Target', 'Normal', 'No tone', -999, 'No spacebar', 'No timing', 'Na', 'Na', 'Na', 48, 8]"
2008_000501.jpg,"[' car', nan, nan, nan, nan, 18.298678097500002, 'low', ' car', nan, 'No Target', 'Normal', 'No tone', -999, 'No spacebar', 'No timing', 'Na', 'Na', 'Na', 41, 1]"
2008_000202.jpg,"[' person', ' chair', ' bottle', ' tvmonitor', nan, 34.6330560906, 'high', ' bottle', nan, 'No Target', 'Normal', 'No tone', -999, 'No spacebar', 'No timing', 'Na', 'Na', 'Na', 33, 3]"
2010_004339.jpg,"[' dog', nan, nan, nan, nan, 18.0203679669, 'low', ' dog', nan, 'No Target', 'Normal', 'No tone', -999, 'No spacebar', 'No timing', 'Na', 'Na', 'Na', 31, 7]"
2008_003767.jpg,"[' pottedplant', nan, nan, nan, nan, 21.255887547499999, 'low', ' pottedplant', nan, 'No Target', 'Normal', 'No tone', -999, 'No spacebar', 'No timing', 'Na', 'Na', 'Na', 32, 4]"
2008_002062.jpg,"[' car', nan, nan, nan, nan, 18.787450721400003, 'low', ' car', nan, 'No Target', 'Normal', 'No tone', -999, 'No spacebar', 'No timing', 'Na', 'Na', 'Na', 4, 6]"
2011_002971.jpg,"[' sofa', ' chair', ' person', nan, nan, 36.443791926599999, 'high', ' sofa', nan, 'No Target', 'Normal', 'No tone', -999, 'No spacebar', 'No timing', 'Na', 'Na', 'Na', 42, 5]"
2011_000481.jpg,"[' aeroplane', nan, nan, nan, nan, 15.759492066500002, 'low', ' aeroplane', nan, 'No Target', 'Normal', 'No tone', -999, 'No spacebar', 'No timing', 'Na', 'Na', 'Na', 11, 1]"
2010_005606.jpg,"[' person', ' sofa', ' cat', nan, nan, 29.514189787399999, 'high', ' cat', nan, 'No Target', 'Normal', 'No tone', -999, 'No spacebar', 'No timing', 'Na', 'Na', 'Na', 32, 3]"
2008_008331.jpg,"[' pottedplant', nan, nan, nan, nan, 19.3213088734, 'low', ' pottedplant', nan, 'No Target', 'Normal', 'No tone', -999, 'No spacebar', 'No timing', 'Na', 'Na', 'Na', 42, 6]"
2008_001451.jpg,"[' pottedplant', ' person', ' chair', ' diningtable', nan, 31.487640373200001, 'high', ' pottedplant', nan, 'No Target', 'Normal', 'No tone', -999, 'No spacebar', 'No timing', 'Na', 'Na', 'Na', 31, 5]"
2010_000426.jpg,"[' bottle', nan, nan, nan, nan, 17.883134744500001, 'low', ' bottle', nan, 'No Target', 'Normal', 'No tone', -999, 'No spacebar', 'No timing', 'Na', 'Na', 'Na', 22, 7]"
2008_003045.jpg,"[' cat', nan, nan, nan, nan, 16.417039192800001, 'low', ' cat', nan, 'No Target', 'Normal', 'No tone', -999, 'No spacebar', 'No timing', 'Na', 'Na', 'Na', 44, 7]"
2008_008533.jpg,"[' horse', nan, nan, nan, nan, 19.207956396300002, 'low', ' horse', nan, 'No Target', 'Normal', 'No tone', -999, 'No spacebar', 'No timing', 'Na', 'Na', 'Na', 58, 7]"
2010_003297.jpg,"[' person', ' horse', nan, nan, nan, 31.969634324400001, 'high', ' horse', nan, 'No Target', 'Normal', 'No tone', -999, 'No spacebar', 'No timing', 'Na', 'Na', 'Na', 49, 2]"
2008_000151.jpg,"[' aeroplane', nan, nan, nan, nan, 8.1712447406199988, 'low', ' aeroplane', nan, 'No Target', 'Normal', 'No tone', -999, 'No spacebar', 'No timing', 'Na', 'Na', 'Na', 30, 6]"
2011_000661.jpg,"[' chair', ' cat', nan, nan, nan, 19.797171416400001, 'low', ' cat', ' boat', 'Target Absent', 'Normal', 'No tone', -999, 'No spacebar', 'No timing', 'p', 3.752, -999, 49, 7]"
2008_007664.jpg,"[' diningtable', ' person', ' chair', ' dog', ' bottle', 36.040121428299997, 'high', ' bottle', nan, 'No Target', 'Normal', 'No tone', -999, 'No spacebar', 'No timing', 'Na', 'Na', 'Na', 40, 5]"
2010_001691.jpg,"[' boat', nan, nan, nan, nan, 16.8629662116, 'low', ' boat', nan, 'No Target', 'Normal', 'No tone', -999, 'No spacebar', 'No timing', 'Na', 'Na', 'Na', 54, 6]"
2008_002084.jpg,"[' pottedplant', ' person', ' dog', nan, nan, 30.007374331899999, 'high', ' dog', nan, 'No Target', 'Normal', 'No tone', -999, 'No spacebar', 'No timing', 'Na', 'Na', 'Na', 30, 8]"
2008_006837.jpg,"[' chair', ' dog', ' diningtable', nan, nan, 18.206263900899998, 'low', ' chair', nan, 'No Target', 'Normal', 'No tone', -999, 'No spacebar', 'No timing', 'Na', 'Na', 'Na', 19, 4]"
2010_000299.jpg,"[' bird', nan, nan, nan, nan, 19.706122139800001, 'low', ' bird', nan, 'No Target', 'Normal', 'No tone', -999, 'No spacebar', 'No timing', 'Na', 'Na', 'Na', 32, 7]"
2008_002899.jpg,"[' cat', nan, nan, nan, nan, 14.127469618599999, 'low', ' cat', nan, 'No Target', 'Normal', 'No tone', -999, 'No spacebar', 'No timing', 'Na', 'Na', 'Na', 52, 1]"
2009_001723.jpg,"[' boat', nan, nan, nan, nan, 19.264337675099998, 'low', ' boat', nan, 'No Target', 'Normal', 'No tone', -999, 'No spacebar', 'No timing', 'Na', 'Na', 'Na', 9, 1]"
2008_000041.jpg,"[' pottedplant', ' person', ' chair', ' diningtable', nan, 37.710719022299998, 'high', ' pottedplant', ' bottle', 'Target Absent', 'Normal', 'No tone', -999, 'No spacebar', 'No timing', 'p', 2.556, -999, 51, 2]"
2010_005054.jpg,"[' tvmonitor', ' sofa', nan, nan, nan, 20.2162635229, 'low', ' sofa', nan, 'No Target', 'Normal', 'No tone', -999, 'No spacebar', 'No timing', 'Na', 'Na', 'Na', 17, 1]"
2011_002193.jpg,"[' person', ' aeroplane', nan, nan, nan, 30.1828857165, 'high', ' person', nan, 'No Target', 'Normal', 'No tone', -999, 'No spacebar', 'No timing', 'Na', 'Na', 'Na', 19, 2]"
2008_001965.jpg,"[' person', ' dog', nan, nan, nan, 28.8389563542, 'high', ' dog', nan, 'No Target', 'Normal', 'No tone', -999, 'No spacebar', 'No timing', 'Na', 'Na', 'Na', 7, 8]"
2008_001708.jpg,"[' dog', ' cat', nan, nan, nan, 21.247629460399999, 'low', ' dog', nan, 'No Target', 'Normal', 'No tone', -999, 'No spacebar', 'No timing', 'Na', 'Na', 'Na', 27, 7]"
2009_002897.jpg,"[' boat', nan, nan, nan, nan, 29.608002755300003, 'high', ' boat', nan, 'No Target', 'Critical', 'tone2', 705, 'No spacebar', 'No timing', 'Na', 'Na', 'Na', 18, 5]"
2008_008500.jpg,"[' person', ' horse', nan, nan, nan, 33.968352980100001, 'high', ' horse', nan, 'No Target', 'Normal', 'No tone', -999, 'No spacebar', 'No timing', 'Na', 'Na', 'Na', 32, 5]"
2009_005008.jpg,"[' pottedplant', nan, nan, nan, nan, 17.770158360899998, 'low', ' pottedplant', nan, 'No Target', 'Normal', 'No tone', -999, 'No spacebar', 'No timing', 'Na', 'Na', 'Na', 24, 4]"
2008_002725.jpg,"[' person', nan, nan, nan, nan, 35.696632301999998, 'high', ' person', nan, 'No Target', 'Normal', 'No tone', -999, 'No spacebar', 'No timing', 'Na', 'Na', 'Na', 54, 8]"
2008_003081.jpg,"[' person', ' boat', nan, nan, nan, 29.0064574566, 'high', ' person', nan, 'No Target', 'Normal', 'No tone', -999, 'No spacebar', 'No timing', 'Na', 'Na', 'Na', 58, 8]"
2009_000619.jpg,"[' bird', nan, nan, nan, nan, 19.305030478100001, 'low', ' bird', nan, 'No Target', 'Normal', 'No tone', -999, 'No spacebar', 'No timing', 'Na', 'Na', 'Na', 37, 7]"
2009_000198.jpg,"[' pottedplant', ' chair', nan, nan, nan, 34.966628065800002, 'high', ' pottedplant', nan, 'No Target', 'Normal', 'No tone', -999, 'No spacebar', 'No timing', 'Na', 'Na', 'Na', 50, 3]"
2010_000805.jpg,"[' dog', ' bottle', nan, nan, nan, 18.860703342099999, 'low', ' bottle', nan, 'No Target', 'Normal', 'No tone', -999, 'No spacebar', 'No timing', 'Na', 'Na', 'Na', 29, 6]"
2010_004662.jpg,"[' boat', nan, nan, nan, nan, 21.198620417499999, 'low', ' boat', nan, 'No Target', 'Normal', 'No tone', -999, 'No spacebar', 'No timing', 'Na', 'Na', 'Na', 59, 7]"
2011_002582.jpg,"[' bird', nan, nan, nan, nan, 19.239146135199999, 'low', ' bird', nan, 'No Target', 'Normal', 'No tone', -999, 'No spacebar', 'No timing', 'Na', 'Na', 'Na', 41, 6]"
2008_002116.jpg,"[' person', ' dog', nan, nan, nan, 20.166020393299998, 'low', ' person', nan, 'No Target', 'Normal', 'No tone', -999, 'No spacebar', 'No timing', 'Na', 'Na', 'Na', 25, 6]"
2011_001605.jpg,"[' pottedplant', ' person', ' motorbike', nan, nan, 34.416005433300001, 'high', ' pottedplant', ' bird', 'Target Absent', 'Normal', 'No tone', -999, 'No spacebar', 'No timing', 'p', 2.31, -999, 59, 5]"
2008_005490.jpg,"[' person', ' sofa', nan, nan, nan, 13.4141262808, 'low', ' sofa', nan, 'No Target', 'Normal', 'No tone', -999, 'No spacebar', 'No timing', 'Na', 'Na', 'Na', 41, 7]"
2010_005170.jpg,"[' person', ' chair', ' diningtable', ' sofa', nan, 30.916466766399999, 'high', ' sofa', nan, 'No Target', 'Critical', 'tone1', 559, 'space', 1.2913932244773605, 'Na', 'Na', 'Na', 55, 3]"
2009_000716.jpg,"[' cat', nan, nan, nan, nan, 20.537353537600001, 'low', ' cat', nan, 'No Target', 'Normal', 'No tone', -999, 'No spacebar', 'No timing', 'Na', 'Na', 'Na', 33, 4]"
2011_002509.jpg,"[' person', ' chair', ' tvmonitor', nan, nan, 28.894989563999999, 'high', ' chair', nan, 'No Target', 'Normal', 'No tone', -999, 'No spacebar', 'No timing', 'Na', 'Na', 'Na', 38, 3]"
2010_001856.jpg,"[' person', ' horse', nan, nan, nan, 35.6691324556, 'high', ' horse', nan, 'No Target', 'Critical', 'tone1', 659, 'No spacebar', 'No timing', 'Na', 'Na', 'Na', 31, 8]"
2008_004459.jpg,"[' person', ' sofa', nan, nan, nan, 31.1244371666, 'high', ' sofa', nan, 'No Target', 'Normal', 'No tone', -999, 'No spacebar', 'No timing', 'Na', 'Na', 'Na', 50, 8]"
2008_000219.jpg,"[' horse', nan, nan, nan, nan, 19.598131175100001, 'low', ' horse', nan, 'No Target', 'Normal', 'No tone', -999, 'No spacebar', 'No timing', 'Na', 'Na', 'Na', 20, 6]"
2010_005628.jpg,"[' pottedplant', ' person', ' chair', ' dog', nan, 34.099790178399999, 'high', ' dog', nan, 'No Target', 'Normal', 'No tone', -999, 'No spacebar', 'No timing', 'Na', 'Na', 'Na', 4, 3]"
2011_001800.jpg,"[' person', ' aeroplane', nan, nan, nan, 30.953043289899998, 'high', ' aeroplane', nan, 'No Target', 'Normal', 'No tone', -999, 'No spacebar', 'No timing', 'Na', 'Na', 'Na', 37, 3]"
2008_006841.jpg,"[' sofa', ' chair', ' person', nan, nan, 30.035339131799997, 'high', ' sofa', nan, 'No Target', 'Normal', 'No tone', -999, 'No spacebar', 'No timing', 'Na', 'Na', 'Na', 2, 3]"
2010_004423.jpg,"[' aeroplane', nan, nan, nan, nan, 29.739677956100003, 'high', ' aeroplane', nan, 'No Target', 'Normal', 'No tone', -999, 'No spacebar', 'No timing', 'Na', 'Na', 'Na', 39, 5]"
2008_004624.jpg,"[' horse', nan, nan, nan, nan, 13.8796340974, 'low', ' horse', nan, 'No Target', 'Normal', 'No tone', -999, 'No spacebar', 'No timing', 'Na', 'Na', 'Na', 54, 4]"
2008_002372.jpg,"[' bottle', nan, nan, nan, nan, 14.593336877300001, 'low', ' bottle', nan, 'No Target', 'Critical', 'tone1', 400, 'No spacebar', 'No timing', 'Na', 'Na', 'Na', 59, 6]"
2008_000115.jpg,"[' chair', ' cat', nan, nan, nan, 17.570654057999999, 'low', ' chair', nan, 'No Target', 'Normal', 'No tone', -999, 'No spacebar', 'No timing', 'Na', 'Na', 'Na', 14, 1]"
2008_000705.jpg,"[' person', ' bottle', nan, nan, nan, 30.958055456100002, 'high', ' bottle', nan, 'No Target', 'Normal', 'No tone', -999, 'No spacebar', 'No timing', 'Na', 'Na', 'Na', 39, 8]"
2009_002374.jpg,"[' chair', nan, nan, nan, nan, 20.1385595655, 'low', ' chair', ' chair', 'Target Present', 'Normal', 'No tone', -999, 'No spacebar', 'No timing', 'q', 2.559, -999, 11, 7]"
2008_000183.jpg,"[' dog', nan, nan, nan, nan, 19.755286187199999, 'low', ' dog', nan, 'No Target', 'Normal', 'No tone', -999, 'No spacebar', 'No timing', 'Na', 'Na', 'Na', 58, 6]"
2010_001159.jpg,"[' bird', nan, nan, nan, nan, 14.3433467925, 'low', ' bird', ' dog', 'Target Absent', 'Normal', 'No tone', -999, 'No spacebar', 'No timing', 'q', 2.383, -999, 50, 1]"
2008_006870.jpg,"[' person', ' dog', nan, nan, nan, 30.657341600399999, 'high', ' dog', nan, 'No Target', 'Normal', 'No tone', -999, 'No spacebar', 'No timing', 'Na', 'Na', 'Na', 58, 3]"
2010_001829.jpg,"[' horse', nan, nan, nan, nan, 19.2344013367, 'low', ' horse', nan, 'No Target', 'Normal', 'No tone', -999, 'No spacebar', 'No timing', 'Na', 'Na', 'Na', 8, 4]"
2008_002037.jpg,"[' person', ' dog', nan, nan, nan, 30.202035831100002, 'high', ' dog', nan, 'No Target', 'Normal', 'No tone', -999, 'No spacebar', 'No timing', 'Na', 'Na', 'Na', 41, 2]"
2010_006023.jpg,"[' aeroplane', nan, nan, nan, nan, 12.536572784100001, 'low', ' aeroplane', nan, 'No Target', 'Normal', 'No tone', -999, 'No spacebar', 'No timing', 'Na', 'Na', 'Na', 1, 6]"
2009_004262.jpg,"[' horse', nan, nan, nan, nan, 19.764836408200001, 'low', ' horse', nan, 'No Target', 'Normal', 'No tone', -999, 'No spacebar', 'No timing', 'Na', 'Na', 'Na', 55, 7]"
2008_002864.jpg,"[' person', ' diningtable', ' bottle', nan, nan, 36.485055513299997, 'high', ' bottle', nan, 'No Target', 'Normal', 'No tone', -999, 'space', 0.030954525274864864, 'Na', 'Na', 'Na', 19, 5]"
2009_002998.jpg,"[' sofa', nan, nan, nan, nan, 20.956307286199998, 'low', ' sofa', nan, 'No Target', 'Normal', 'No tone', -999, 'No spacebar', 'No timing', 'Na', 'Na', 'Na', 49, 4]"
2009_000629.jpg,"[' tvmonitor', ' chair', nan, nan, nan, 34.776343714500001, 'high', ' chair', ' chair', 'Target Present', 'Normal', 'No tone', -999, 'No spacebar', 'No timing', 'q', 2.115, -999, 27, 8]"
2011_000514.jpg,"[' pottedplant', nan, nan, nan, nan, 18.031537449400002, 'low', ' pottedplant', nan, 'No Target', 'Normal', 'No tone', -999, 'No spacebar', 'No timing', 'Na', 'Na', 'Na', 44, 4]"
2008_001278.jpg,"[' person', ' horse', nan, nan, nan, 32.480531856799999, 'high', ' horse', nan, 'No Target', 'Normal', 'No tone', -999, 'No spacebar', 'No timing', 'Na', 'Na', 'Na', 15, 8]"
2008_008470.jpg,"[' sofa', ' chair', ' diningtable', nan, nan, 30.346694199499996, 'high', ' chair', nan, 'No Target', 'Critical', 'tone2', 513, 'No spacebar', 'No timing', 'Na', 'Na', 'Na', 19, 3]"
2008_000740.jpg,"[' person', nan, nan, nan, nan, 21.010712717400001, 'low', ' person', nan, 'No Target', 'Normal', 'No tone', -999, 'No spacebar', 'No timing', 'Na', 'Na', 'Na', 47, 1]"
2010_005391.jpg,"[' dog', nan, nan, nan, nan, 18.608803704700001, 'low', ' dog', ' dog', 'Target Present', 'Normal', 'No tone', -999, 'No spacebar', 'No timing', 'q', 2.278, -999, 45, 6]"
2008_000928.jpg,"[' person', nan, nan, nan, nan, 30.996977820799998, 'high', ' person', nan, 'No Target', 'Normal', 'No tone', -999, 'No spacebar', 'No timing', 'Na', 'Na', 'Na', 25, 8]"
2009_004154.jpg,"[' person', ' chair', ' diningtable', ' bottle', nan, 29.6229142798, 'high', ' bottle', nan, 'No Target', 'Normal', 'No tone', -999, 'No spacebar', 'No timing', 'Na', 'Na', 'Na', 49, 5]"
2011_002911.jpg,"[' bottle', ' dog', ' diningtable', nan, nan, 21.034646910899998, 'low', ' bottle', nan, 'No Target', 'Critical', 'tone1', 856, 'No spacebar', 'No timing', 'Na', 'Na', 'Na', 29, 4]"
2009_002803.jpg,"[' dog', nan, nan, nan, nan, 20.194433628700001, 'low', ' dog', nan, 'No Target', 'Normal', 'No tone', -999, 'No spacebar', 'No timing', 'Na', 'Na', 'Na', 6, 7]"
2008_003587.jpg,"[' person', ' dog', nan, nan, nan, 19.793376112600001, 'low', ' person', nan, 'No Target', 'Normal', 'No tone', -999, 'No spacebar', 'No timing', 'Na', 'Na', 'Na', 26, 6]"
2008_001210.jpg,"[' cat', nan, nan, nan, nan, 29.2469761744, 'high', ' cat', ' car', 'Target Absent', 'Normal', 'No tone', -999, 'No spacebar', 'No timing', 'q', 2.875, -999, 49, 8]"
2010_003453.jpg,"[' car', nan, nan, nan, nan, 17.731696099499999, 'low', ' car', nan, 'No Target', 'Critical', 'tone1', 398, 'space', 0.9416894244131981, 'Na', 'Na', 'Na', 27, 4]"
2011_001432.jpg,"[' bird', nan, nan, nan, nan, 19.735592352699999, 'low', ' bird', nan, 'No Target', 'Normal', 'No tone', -999, 'No spacebar', 'No timing', 'Na', 'Na', 'Na', 0, 4]"
2008_000541.jpg,"[' person', ' sofa', nan, nan, nan, 29.639010239099999, 'high', ' person', nan, 'No Target', 'Normal', 'No tone', -999, 'No spacebar', 'No timing', 'Na', 'Na', 'Na', 15, 3]"
2009_004225.jpg,"[' cat', nan, nan, nan, nan, 12.729033444700001, 'low', ' cat', ' cat', 'Target Present', 'Normal', 'No tone', -999, 'No spacebar', 'No timing', 'q', 2.468, -999, 5, 1]"
2010_005101.jpg,"[' aeroplane', nan, nan, nan, nan, 13.350033322, 'low', ' aeroplane', nan, 'No Target', 'Normal', 'No tone', -999, 'No spacebar', 'No timing', 'Na', 'Na', 'Na', 44, 6]"
2008_000112.jpg,"[' bottle', ' cat', nan, nan, nan, 21.259829756400002, 'low', ' bottle', ' bottle', 'Target Present', 'Normal', 'No tone', -999, 'No spacebar', 'No timing', 'p', 2.108, -999, 46, 6]"
2008_004482.jpg,"[' person', ' bicycle', ' car', nan, nan, 30.8916722198, 'high', ' person', nan, 'No Target', 'Normal', 'No tone', -999, 'No spacebar', 'No timing', 'Na', 'Na', 'Na', 6, 8]"
2009_005044.jpg,"[' bottle', nan, nan, nan, nan, 15.713624833399999, 'low', ' bottle', nan, 'No Target', 'Normal', 'No tone', -999, 'No spacebar', 'No timing', 'Na', 'Na', 'Na', 53, 6]"
2008_005735.jpg,"[' cat', nan, nan, nan, nan, 13.6859936467, 'low', ' cat', ' cat', 'Target Present', 'Normal', 'No tone', -999, 'No spacebar', 'No timing', 'q', 2.653, -999, 58, 1]"
2008_004270.jpg,"[' person', ' sofa', nan, nan, nan, 19.2440358751, 'low', ' sofa', ' bird', 'Target Absent', 'Normal', 'No tone', -999, 'No spacebar', 'No timing', 'p', 2.319, -999, 0, 6]"
2008_000912.jpg,"[' horse', nan, nan, nan, nan, 18.5058834477, 'low', ' horse', nan, 'No Target', 'Normal', 'No tone', -999, 'space', 0.261877576020197, 'Na', 'Na', 'Na', 25, 1]"
2010_001434.jpg,"[' sofa', ' chair', nan, nan, nan, 31.260540003300001, 'high', ' sofa', nan, 'No Target', 'Normal', 'No tone', -999, 'No spacebar', 'No timing', 'Na', 'Na', 'Na', 7, 3]"
2009_004283.jpg,"[' pottedplant', ' sofa', nan, nan, nan, 29.042488868099998, 'high', ' sofa', nan, 'No Target', 'Normal', 'No tone', -999, 'No spacebar', 'No timing', 'Na', 'Na', 'Na', 31, 3]"
2011_002260.jpg,"[' chair', nan, nan, nan, nan, 30.096920358400002, 'high', ' chair', nan, 'No Target', 'Normal', 'No tone', -999, 'No spacebar', 'No timing', 'Na', 'Na', 'Na', 53, 2]"
2008_002379.jpg,"[' pottedplant', ' chair', ' diningtable', nan, nan, 17.138576050000001, 'low', ' pottedplant', nan, 'No Target', 'Normal', 'No tone', -999, 'No spacebar', 'No timing', 'Na', 'Na', 'Na', 43, 6]"
2010_002775.jpg,"[' dog', nan, nan, nan, nan, 29.777840581700001, 'high', ' dog', nan, 'No Target', 'Normal', 'No tone', -999, 'No spacebar', 'No timing', 'Na', 'Na', 'Na', 14, 5]"
2010_003890.jpg,"[' horse', nan, nan, nan, nan, 19.803898838399999, 'low', ' horse', nan, 'No Target', 'Normal', 'No tone', -999, 'No spacebar', 'No timing', 'Na', 'Na', 'Na', 16, 1]"
2009_002697.jpg,"[' horse', nan, nan, nan, nan, 19.789006070999999, 'low', ' horse', nan, 'No Target', 'Critical', 'tone2', 521, 'space', 1.1895545582883642, 'Na', 'Na', 'Na', 24, 7]"
2009_004849.jpg,"[' person', ' chair', ' motorbike', nan, nan, 31.774239269899997, 'high', ' chair', ' dog', 'Target Absent', 'Normal', 'No tone', -999, 'No spacebar', 'No timing', 'p', 2.439, -999, 6, 5]"
2011_001198.jpg,"[' sofa', ' dog', nan, nan, nan, 16.6984985954, 'low', ' sofa', nan, 'No Target', 'Normal', 'No tone', -999, 'No spacebar', 'No timing', 'Na', 'Na', 'Na', 47, 6]"
2010_000536.jpg,"[' cat', nan, nan, nan, nan, 31.5416643744, 'high', ' cat', nan, 'No Target', 'Normal', 'No tone', -999, 'No spacebar', 'No timing', 'Na', 'Na', 'Na', 53, 5]"
2008_005728.jpg,"[' dog', nan, nan, nan, nan, 19.890088651599999, 'low', ' dog', nan, 'No Target', 'Normal', 'No tone', -999, 'No spacebar', 'No timing', 'Na', 'Na', 'Na', 44, 1]"
2008_000833.jpg,"[' car', ' boat', ' person', nan, nan, 32.7592674188, 'high', ' boat', nan, 'No Target', 'Normal', 'No tone', -999, 'No spacebar', 'No timing', 'Na', 'Na', 'Na', 36, 3]"
2008_007048.jpg,"[' chair', ' diningtable', nan, nan, nan, 20.017308322999998, 'low', ' chair', nan, 'No Target', 'Normal', 'No tone', -999, 'No spacebar', 'No timing', 'Na', 'Na', 'Na', 47, 4]"
2008_007704.jpg,"[' chair', ' diningtable', ' bottle', nan, nan, 20.0381198786, 'low', ' bottle', nan, 'No Target', 'Normal', 'No tone', -999, 'No spacebar', 'No timing', 'Na', 'Na', 'Na', 4, 4]"
2010_003419.jpg,"[' bird', nan, nan, nan, nan, 28.6670652044, 'high', ' bird', nan, 'No Target', 'Normal', 'No tone', -999, 'No spacebar', 'No timing', 'Na', 'Na', 'Na', 16, 8]"
2010_003746.jpg,"[' car', ' dog', ' person', nan, nan, 21.020159211399999, 'low', ' car', nan, 'No Target', 'Normal', 'No tone', -999, 'No spacebar', 'No timing', 'Na', 'Na', 'Na', 5, 7]"
2011_001139.jpg,"[' chair', ' bird', ' diningtable', nan, nan, 29.361755720300003, 'high', ' bird', nan, 'No Target', 'Critical', 'tone1', 393, 'space', 1.306026604535873, 'Na', 'Na', 'Na', 13, 8]"
2009_001568.jpg,"[' dog', nan, nan, nan, nan, 17.102590259199999, 'low', ' dog', nan, 'No Target', 'Normal', 'No tone', -999, 'No spacebar', 'No timing', 'Na', 'Na', 'Na', 33, 7]"
2010_000750.jpg,"[' pottedplant', nan, nan, nan, nan, 11.902212339, 'low', ' pottedplant', nan, 'No Target', 'Normal', 'No tone', -999, 'No spacebar', 'No timing', 'Na', 'Na', 'Na', 48, 1]"
2010_000792.jpg,"[' person', ' bottle', nan, nan, nan, 29.276302306599998, 'high', ' bottle', nan, 'No Target', 'Normal', 'No tone', -999, 'No spacebar', 'No timing', 'Na', 'Na', 'Na', 51, 5]"
2010_002183.jpg,"[' person', ' horse', nan, nan, nan, 34.557577168599998, 'high', ' horse', nan, 'No Target', 'Normal', 'No tone', -999, 'No spacebar', 'No timing', 'Na', 'Na', 'Na', 28, 2]"
2009_003338.jpg,"[' person', ' horse', nan, nan, nan, 30.130898028600001, 'high', ' horse', ' person', 'Target Absent', 'Normal', 'No tone', -999, 'No spacebar', 'No timing', 'q', 2.808, -999, 19, 8]"
2008_001479.jpg,"[' dog', nan, nan, nan, nan, 13.411221053399998, 'low', ' dog', nan, 'No Target', 'Critical', 'tone2', 511, 'space', 1.32228018213209, 'Na', 'Na', 'Na', 19, 6]"
2008_004814.jpg,"[' person', ' bottle', nan, nan, nan, 19.869099247400001, 'low', ' bottle', nan, 'No Target', 'Normal', 'No tone', -999, 'No spacebar', 'No timing', 'Na', 'Na', 'Na', 9, 4]"
2008_000105.jpg,"[' car', nan, nan, nan, nan, 19.453167354600001, 'low', ' car', nan, 'No Target', 'Normal', 'No tone', -999, 'No spacebar', 'No timing', 'Na', 'Na', 'Na', 37, 6]"
2008_006121.jpg,"[' person', ' boat', nan, nan, nan, 30.384187271399998, 'high', ' boat', ' sofa', 'Target Absent', 'Normal', 'No tone', -999, 'No spacebar', 'No timing', 'p', 2.708, -999, 40, 8]"
2010_005996.jpg,"[' pottedplant', ' person', ' train', nan, nan, 29.106006376, 'high', ' pottedplant', nan, 'No Target', 'Critical', 'tone2', 292, 'No spacebar', 'No timing', 'Na', 'Na', 'Na', 20, 8]"
2008_001617.jpg,"[' person', ' chair', nan, nan, nan, 20.224139544500002, 'low', ' person', nan, 'No Target', 'Normal', 'No tone', -999, 'No spacebar', 'No timing', 'Na', 'Na', 'Na', 59, 4]"
2009_001782.jpg,"[' car', nan, nan, nan, nan, 18.874156232400001, 'low', ' car', nan, 'No Target', 'Normal', 'No tone', -999, 'No spacebar', 'No timing', 'Na', 'Na', 'Na', 7, 6]"
2010_003490.jpg,"[' horse', nan, nan, nan, nan, 31.514885822899998, 'high', ' horse', nan, 'No Target', 'Normal', 'No tone', -999, 'No spacebar', 'No timing', 'Na', 'Na', 'Na', 4, 5]"
2010_004425.jpg,"[' sofa', ' cat', nan, nan, nan, 18.288477341900002, 'low', ' sofa', nan, 'No Target', 'Normal', 'No tone', -999, 'No spacebar', 'No timing', 'Na', 'Na', 'Na', 18, 4]"
2008_005519.jpg,"[' pottedplant', ' person', ' chair', ' diningtable', nan, 31.520687613899998, 'high', ' pottedplant', ' cat', 'Target Absent', 'Normal', 'No tone', -999, 'No spacebar', 'No timing', 'q', 2.968, -999, 1, 5]"
2010_005608.jpg,"[' bird', nan, nan, nan, nan, 29.272654602500001, 'high', ' bird', nan, 'No Target', 'Normal', 'No tone', -999, 'No spacebar', 'No timing', 'Na', 'Na', 'Na', 15, 5]"
2008_001542.jpg,"[' horse', nan, nan, nan, nan, 18.414255754399999, 'low', ' horse', nan, 'No Target', 'Normal', 'No tone', -999, 'No spacebar', 'No timing', 'Na', 'Na', 'Na', 43, 4]"
2010_002283.jpg,"[' horse', nan, nan, nan, nan, 18.057825283900002, 'low', ' horse', ' horse', 'Target Present', 'Normal', 'No tone', -999, 'No spacebar', 'No timing', 'q', 2.235, -999, 36, 4]"
2008_005345.jpg,"[' pottedplant', nan, nan, nan, nan, 16.520476370800001, 'low', ' pottedplant', nan, 'No Target', 'Critical', 'tone2', 394, 'space', 1.1934247292374494, 'Na', 'Na', 'Na', 35, 7]"
2010_005885.jpg,"[' dog', nan, nan, nan, nan, 20.0746861318, 'low', ' dog', nan, 'No Target', 'Normal', 'No tone', -999, 'No spacebar', 'No timing', 'Na', 'Na', 'Na', 46, 1]"
2009_003993.jpg,"[' bird', nan, nan, nan, nan, 20.7578853634, 'low', ' bird', ' bird', 'Target Present', 'Normal', 'No tone', -999, 'No spacebar', 'No timing', 'q', 2.451, -999, 1, 4]"
2010_001586.jpg,"[' person', ' train', ' sofa', nan, nan, 31.651156442800001, 'high', ' sofa', nan, 'No Target', 'Normal', 'No tone', -999, 'No spacebar', 'No timing', 'Na', 'Na', 'Na', 16, 5]"
2008_003283.jpg,"[' person', ' horse', nan, nan, nan, 30.0880459272, 'high', ' horse', nan, 'No Target', 'Normal', 'No tone', -999, 'No spacebar', 'No timing', 'Na', 'Na', 'Na', 47, 5]"
2010_002956.jpg,"[' bottle', nan, nan, nan, nan, 16.598874860799999, 'low', ' bottle', nan, 'No Target', 'Normal', 'No tone', -999, 'No spacebar', 'No timing', 'Na', 'Na', 'Na', 23, 4]"
2011_000434.jpg,"[' sofa', ' person', ' tvmonitor', nan, nan, 31.149256416500002, 'high', ' sofa', nan, 'No Target', 'Normal', 'No tone', -999, 'No spacebar', 'No timing', 'Na', 'Na', 'Na', 9, 2]"
2009_002439.jpg,"[' person', ' cat', nan, nan, nan, 20.139877805200001, 'low', ' person', nan, 'No Target', 'Critical', 'tone1', 78, 'space', 0.8617426688433625, 'Na', 'Na', 'Na', 22, 1]"
2008_004042.jpg,"[' bird', nan, nan, nan, nan, 31.397027824200002, 'high', ' bird', nan, 'No Target', 'Normal', 'No tone', -999, 'No spacebar', 'No timing', 'Na', 'Na', 'Na', 11, 3]"
2008_001694.jpg,"[' pottedplant', ' sofa', ' chair', nan, nan, 18.5118878018, 'low', ' pottedplant', nan, 'No Target', 'Critical', 'tone2', 821, 'No spacebar', 'No timing', 'Na', 'Na', 'Na', 8, 6]"
2008_004661.jpg,"[' pottedplant', ' sofa', ' chair', ' diningtable', ' tvmonitor', 29.2474832664, 'high', ' pottedplant', nan, 'No Target', 'Normal', 'No tone', -999, 'No spacebar', 'No timing', 'Na', 'Na', 'Na', 26, 2]"
2010_005437.jpg,"[' car', nan, nan, nan, nan, 20.4871667265, 'low', ' car', nan, 'No Target', 'Normal', 'No tone', -999, 'space', 0.37752056464523776, 'Na', 'Na', 'Na', 39, 6]"
2008_000860.jpg,"[' cat', nan, nan, nan, nan, 29.4014511321, 'high', ' cat', nan, 'No Target', 'Normal', 'No tone', -999, 'No spacebar', 'No timing', 'Na', 'Na', 'Na', 15, 2]"
2008_005845.jpg,"[' dog', nan, nan, nan, nan, 28.961816980799998, 'high', ' dog', nan, 'No Target', 'Critical', 'tone1', 677, 'No spacebar', 'No timing', 'Na', 'Na', 'Na', 5, 3]"
2009_000919.jpg,"[' boat', nan, nan, nan, nan, 19.253519599899999, 'low', ' boat', nan, 'No Target', 'Normal', 'No tone', -999, 'No spacebar', 'No timing', 'Na', 'Na', 'Na', 56, 6]"
2011_000070.jpg,"[' sofa', nan, nan, nan, nan, 16.900856696800002, 'low', ' sofa', nan, 'No Target', 'Normal', 'No tone', -999, 'No spacebar', 'No timing', 'Na', 'Na', 'Na', 9, 7]"
2010_002498.jpg,"[' person', ' boat', nan, nan, nan, 17.997748470099999, 'low', ' boat', nan, 'No Target', 'Normal', 'No tone', -999, 'No spacebar', 'No timing', 'Na', 'Na', 'Na', 42, 7]"
2008_002789.jpg,"[' person', ' chair', ' diningtable', ' bottle', nan, 33.823550114299998, 'high', ' chair', nan, 'No Target', 'Normal', 'No tone', -999, 'No spacebar', 'No timing', 'Na', 'Na', 'Na', 38, 8]"
2008_005869.jpg,"[' person', ' bottle', nan, nan, nan, 17.242843490799999, 'low', ' bottle', nan, 'No Target', 'Normal', 'No tone', -999, 'No spacebar', 'No timing', 'Na', 'Na', 'Na', 16, 6]"
2008_008681.jpg,"[' car', ' train', nan, nan, nan, 30.208842852199997, 'high', ' car', nan, 'No Target', 'Normal', 'No tone', -999, 'No spacebar', 'No timing', 'Na', 'Na', 'Na', 4, 2]"
2010_002379.jpg,"[' pottedplant', nan, nan, nan, nan, 19.895720118, 'low', ' pottedplant', nan, 'No Target', 'Normal', 'No tone', -999, 'No spacebar', 'No timing', 'Na', 'Na', 'Na', 8, 7]"
2008_005750.jpg,"[' aeroplane', nan, nan, nan, nan, 29.201869461199998, 'high', ' aeroplane', nan, 'No Target', 'Normal', 'No tone', -999, 'No spacebar', 'No timing', 'Na', 'Na', 'Na', 55, 8]"
2009_002521.jpg,"[' bottle', nan, nan, nan, nan, 20.832521553299998, 'low', ' bottle', nan, 'No Target', 'Normal', 'No tone', -999, 'No spacebar', 'No timing', 'Na', 'Na', 'Na', 5, 6]"
2008_002350.jpg,"[' bird', nan, nan, nan, nan, 29.814920313600002, 'high', ' bird', nan, 'No Target', 'Normal', 'No tone', -999, 'No spacebar', 'No timing', 'Na', 'Na', 'Na', 30, 5]"
2010_000616.jpg,"[' cat', nan, nan, nan, nan, 18.135096838900001, 'low', ' cat', nan, 'No Target', 'Normal', 'No tone', -999, 'No spacebar', 'No timing', 'Na', 'Na', 'Na', 55, 4]"
2008_001238.jpg,"[' sofa', ' dog', nan, nan, nan, 21.0012272781, 'low', ' sofa', nan, 'No Target', 'Normal', 'No tone', -999, 'No spacebar', 'No timing', 'Na', 'Na', 'Na', 6, 6]"
2009_002325.jpg,"[' sofa', ' chair', nan, nan, nan, 19.836491630200001, 'low', ' sofa', nan, 'No Target', 'Normal', 'No tone', -999, 'No spacebar', 'No timing', 'Na', 'Na', 'Na', 50, 4]"
2008_007913.jpg,"[' person', ' cat', nan, nan, nan, 32.265109082999999, 'high', ' cat', nan, 'No Target', 'Normal', 'No tone', -999, 'space', 0.14015977320377715, 'Na', 'Na', 'Na', 3, 5]"
2008_007143.jpg,"[' boat', nan, nan, nan, nan, 33.494613420299999, 'high', ' boat', nan, 'No Target', 'Normal', 'No tone', -999, 'No spacebar', 'No timing', 'Na', 'Na', 'Na', 42, 2]"
2009_001975.jpg,"[' pottedplant', nan, nan, nan, nan, 17.493023991600001, 'low', ' pottedplant', nan, 'No Target', 'Normal', 'No tone', -999, 'No spacebar', 'No timing', 'Na', 'Na', 'Na', 33, 1]"
2008_000952.jpg,"[' car', nan, nan, nan, nan, 19.7592559984, 'low', ' car', nan, 'No Target', 'Normal', 'No tone', -999, 'No spacebar', 'No timing', 'Na', 'Na', 'Na', 3, 7]"
2010_001988.jpg,"[' bird', nan, nan, nan, nan, 15.2538714929, 'low', ' bird', nan, 'No Target', 'Critical', 'tone2', 481, 'No spacebar', 'No timing', 'Na', 'Na', 'Na', 2, 1]"
2008_007527.jpg,"[' tvmonitor', ' chair', nan, nan, nan, 32.384814141599996, 'high', ' chair', nan, 'No Target', 'Normal', 'No tone', -999, 'No spacebar', 'No timing', 'Na', 'Na', 'Na', 22, 8]"
2009_004779.jpg,"[' cat', nan, nan, nan, nan, 19.096252345699998, 'low', ' cat', nan, 'No Target', 'Normal', 'No tone', -999, 'No spacebar', 'No timing', 'Na', 'Na', 'Na', 38, 7]"
2011_001886.jpg,"[' boat', nan, nan, nan, nan, 19.685752299800001, 'low', ' boat', nan, 'No Target', 'Normal', 'No tone', -999, 'No spacebar', 'No timing', 'Na', 'Na', 'Na', 50, 6]"
2008_003844.jpg,"[' car', ' motorbike', ' person', nan, nan, 31.408721955400001, 'high', ' car', nan, 'No Target', 'Normal', 'No tone', -999, 'No spacebar', 'No timing', 'Na', 'Na', 'Na', 35, 2]"
2009_002711.jpg,"[' car', ' person', nan, nan, nan, 17.856305662099999, 'low', ' car', nan, 'No Target', 'Normal', 'No tone', -999, 'No spacebar', 'No timing', 'Na', 'Na', 'Na', 32, 6]"
2008_000191.jpg,"[' person', ' bicycle', ' boat', nan, nan, 34.319051607799999, 'high', ' boat', nan, 'No Target', 'Normal', 'No tone', -999, 'No spacebar', 'No timing', 'Na', 'Na', 'Na', 25, 3]"
2011_002453.jpg,"[' pottedplant', nan, nan, nan, nan, 19.2497613741, 'low', ' pottedplant', nan, 'No Target', 'Normal', 'No tone', -999, 'No spacebar', 'No timing', 'Na', 'Na', 'Na', 54, 7]"
